title,issue,download_links,platform
Action News,Action News #1,http://csdb.dk/getinternalfile.php/18810/actionnews01.zip,Commodore 64
Action News,Action News #2,http://csdb.dk/getinternalfile.php/16456/actionnews02.zip,Commodore 64
Action News,Action News #3,http://csdb.dk/getinternalfile.php/16457/actionnews03.zip,Commodore 64
Action News,Action News #4,http://csdb.dk/getinternalfile.php/16458/actionnews04.zip,Commodore 64
Action News,Action News #5,http://csdb.dk/getinternalfile.php/130219/Action_News_05.zip,Commodore 64
Action News,Action News #6,http://csdb.dk/getinternalfile.php/48404/actionnews06.zip,Commodore 64
Action News,Action News #8,http://csdb.dk/getinternalfile.php/16460/actionnews08.zip,Commodore 64
Action News,Action News #9,http://csdb.dk/getinternalfile.php/130218/Action_News_09-Spherical_Designs.zip,Commodore 64
Action News,Action News 1,"ftp://ftp.scs-trc.net/pub/c64/Magazines/Action_News/Action_News_01.zip, https://files.scene.org/get/mags/action-news/action_news_01.zip, https://files.scene.org/view/mags/action-news/action_news_01.zip",Commodore 64
Action News,Action News 2,"ftp://ftp.scs-trc.net/pub/c64/Magazines/Action_News/Action_News_02.zip, https://files.scene.org/get/mags/action-news/action_news_02.zip, https://files.scene.org/view/mags/action-news/action_news_02.zip",Commodore 64
Action News,Action News 3,"ftp://ftp.scs-trc.net/pub/c64/Magazines/Action_News/Action_News_03.zip, https://files.scene.org/get/mags/action-news/action_news_03.zip, https://files.scene.org/view/mags/action-news/action_news_03.zip",Commodore 64
Action News,Action News 4,"ftp://ftp.scs-trc.net/pub/c64/Magazines/Action_News/Action_News_04.zip, https://files.scene.org/get/mags/action-news/action_news_04.zip, https://files.scene.org/view/mags/action-news/action_news_04.zip",Commodore 64
Action News,Action News 5,"ftp://ftp.scs-trc.net/pub/c64/Magazines/Action_News/Action_News_05.zip, https://files.scene.org/get/mags/action-news/action_news_05.zip, https://files.scene.org/view/mags/action-news/action_news_05.zip",Commodore 64
Action News,Action News 6,"ftp://ftp.scs-trc.net/pub/c64/Magazines/Action_News/Action_News_06.zip, https://files.scene.org/get/mags/action-news/action_news_06.zip, https://files.scene.org/view/mags/action-news/action_news_06.zip",Commodore 64
Action News,Action News 7,,Commodore 64
Action News,Action News 8,"ftp://ftp.scs-trc.net/pub/c64/Magazines/Action_News/Action_News_08.zip, https://files.scene.org/get/mags/action-news/action_news_08.zip, https://files.scene.org/view/mags/action-news/action_news_08.zip",Commodore 64
Action News,Action News 9,"ftp://ftp.scs-trc.net/pub/c64/Magazines/Action_News/Action_News_09.zip, https://files.scene.org/get/mags/action-news/action_news_09.zip, https://files.scene.org/view/mags/action-news/action_news_09.zip",Commodore 64
Bioblech,Bioblech #1,"ftp://ftp.padua.org/pub/c64/Magazines/bioblech/Bioblech_01.zip, http://csdb.dk/getinternalfile.php/61869/Bioblech_01.zip",Commodore 64
Bioblech,Bioblech #2,"ftp://ftp.padua.org/pub/c64/Magazines/bioblech/Bioblech_02.zip, http://csdb.dk/getinternalfile.php/61870/Bioblech_02.zip",Commodore 64
Bioblech,Bioblech #3,"ftp://ftp.padua.org/pub/c64/Magazines/bioblech/Bioblech_03.zip, http://csdb.dk/getinternalfile.php/46780/bioblech03.zip",Commodore 64
Biometal,Biometal 1,http://csdb.dk/getinternalfile.php/61988/biometal01.zip,Commodore 64
Biometal,Biometal 2,http://csdb.dk/getinternalfile.php/35050/biometal02.zip,Commodore 64
Biometal,Biometal 3,http://csdb.dk/getinternalfile.php/61867/biometal03.zip,Commodore 64
Biometal,Biometal 4,http://csdb.dk/getinternalfile.php/61868/biometal04.zip,Commodore 64
Copy News,Copy News 5 (german),https://csdb.dk/getinternalfile.php/239853/CN5.zip,Commodore 64
Dark Star,Dark Star #13,http://csdb.dk/getinternalfile.php/2976/DarkStar13.zip,Commodore 64
Digital News,Digital News - February 88,http://csdb.dk/getinternalfile.php/44298/Digital_News_88_02.zip,Commodore 64
Digital Talk,Digital Talk #01,http://noname.c64.org/csdb/release/download.php?id=8442,Commodore 64
Digital Talk,Digital Talk #01 (german),http://csdb.dk/getinternalfile.php/85328/dt01.zip,Commodore 64
Digital Talk,Digital Talk #01 - English Edition,"ftp://ftp.scs-trc.net/pub/c64/Magazines/Digital_Talk/DigitalTalk_01.zip, http://csdb.dk/getinternalfile.php/64259/DigitalTalk_01.zip",Commodore 64
Digital Talk,Digital Talk #02,https://files.scene.org/view/mirrors/padua/Magazines/digital_talk/DigitalTalk02.lzh,Commodore 64
Digital Talk,Digital Talk #02 (german),"ftp://ftp.padua.org/pub/c64/Magazines/digital_talk/DigitalTalk02.lzh, http://csdb.dk/getinternalfile.php/64260/dt02.zip",Commodore 64
Digital Talk,Digital Talk #03,http://csdb.dk/getinternalfile.php/64261/003.zip,Commodore 64
Digital Talk,Digital Talk #03 (german),"ftp://ftp.padua.org/pub/c64/Magazines/digital_talk/DigitalTalk03.lzh, http://csdb.dk/getinternalfile.php/64261/003.zip",Commodore 64
Digital Talk,Digital Talk #04 (german),http://csdb.dk/getinternalfile.php/885/digitaltalk04.zip,Commodore 64
Digital Talk,Digital Talk #05 (german),http://csdb.dk/getinternalfile.php/886/digitaltalk05.zip,Commodore 64
Digital Talk,Digital Talk #06,http://csdb.dk/release/download.php?id=8986,Commodore 64
Digital Talk,Digital Talk #06 (german),http://csdb.dk/getinternalfile.php/887/digitaltalk06.zip,Commodore 64
Digital Talk,Digital Talk #07,http://csdb.dk/release/download.php?id=8987,Commodore 64
Digital Talk,Digital Talk #07 (german),http://csdb.dk/getinternalfile.php/888/digitaltalk07.zip,Commodore 64
Digital Talk,Digital Talk #08,http://noname.c64.org/csdb/release/download.php?id=8988,Commodore 64
Digital Talk,Digital Talk #08 (german),"ftp://ftp.scs-trc.net/pub/c64/Magazines/Digital_Talk/DigitalTalk_08.zip, http://csdb.dk/getinternalfile.php/62095/dt08.zip",Commodore 64
Digital Talk,Digital Talk #09+10 (german),http://csdb.dk/getinternalfile.php/62215/dt09.zip,Commodore 64
Digital Talk,Digital Talk #100 (german),"http://csdb.dk/getinternalfile.php/160572/DT100.zip, http://csdb.dk/getinternalfile.php/160573/Dt100Heft.pdf",Commodore 64
Digital Talk,Digital Talk #101 (german),http://csdb.dk/getinternalfile.php/163389/DT101.zip,Commodore 64
Digital Talk,Digital Talk #102 (german),http://csdb.dk/getinternalfile.php/166957/DT102.zip,Commodore 64
Digital Talk,Digital Talk #103 (german),http://csdb.dk/getinternalfile.php/171187/DT103.zip,Commodore 64
Digital Talk,Digital Talk #104 (german),http://csdb.dk/getinternalfile.php/176795/DT104.zip,Commodore 64
Digital Talk,Digital Talk #105 (german),"http://csdb.dk/getinternalfile.php/181979/DT105.zip, http://csdb.dk/getinternalfile.php/181978/DT105Heft.pdf",Commodore 64
Digital Talk,Digital Talk #106 (german),http://csdb.dk/getinternalfile.php/187912/DT106.zip,Commodore 64
Digital Talk,Digital Talk #107 (german),http://csdb.dk/getinternalfile.php/192637/DT107.zip,Commodore 64
Digital Talk,Digital Talk #108 (german),http://csdb.dk/getinternalfile.php/199532/DT108.zip,Commodore 64
Digital Talk,Digital Talk #109 (german),"http://csdb.dk/getinternalfile.php/206901/109-side1.d64, http://csdb.dk/getinternalfile.php/206902/109-side2.d64, http://csdb.dk/getinternalfile.php/206903/DT#109 Folder.pdf, http://csdb.dk/getinternalfile.php/206904/dt109innen.jpg, http://csdb.dk/getinternalfile.php/206905/CoverDT109.pdf",Commodore 64
Digital Talk,Digital Talk #11,http://noname.c64.org/csdb/release/download.php?id=8879,Commodore 64
Digital Talk,Digital Talk #11 (german),"ftp://ftp.scs-trc.net/pub/c64/Magazines/Digital_Talk/DigitalTalk_11.zip, http://csdb.dk/getinternalfile.php/64262/DigitalTalk_11.zip",Commodore 64
Digital Talk,Digital Talk #110 (german),https://csdb.dk/getinternalfile.php/223097/DigitalTalk_110.zip,Commodore 64
Digital Talk,Digital Talk #111 (german),https://csdb.dk/getinternalfile.php/229292/DigitalTalk111.zip,Commodore 64
Digital Talk,Digital Talk #112 (german),"https://csdb.dk/getinternalfile.php/238425/DT112_A.d64, https://csdb.dk/getinternalfile.php/238426/DT112_B.d64, https://github.com/Digital-Talk/issues/raw/main/DigitalTalk112.zip",Commodore 64
Digital Talk,Digital Talk #12,http://noname.c64.org/csdb/release/download.php?id=8880,Commodore 64
Digital Talk,Digital Talk #12 (german),"ftp://ftp.scs-trc.net/pub/c64/Magazines/Digital_Talk/DigitalTalk_12.zip, http://csdb.dk/getinternalfile.php/64263/DigitalTalk_12.zip",Commodore 64
Digital Talk,Digital Talk #13,https://files.scene.org/view/mags/digital_talk/digitaltalk_13.zip,Commodore 64
Digital Talk,Digital Talk #13 (german),"ftp://ftp.scs-trc.net/pub/c64/Magazines/Digital_Talk/DigitalTalk_13.zip, http://csdb.dk/getinternalfile.php/64264/DigitalTalk_13.zip",Commodore 64
Digital Talk,Digital Talk #14,https://files.scene.org/view/mags/digital_talk/digitaltalk_14.zip,Commodore 64
Digital Talk,Digital Talk #14 (german),http://csdb.dk/getinternalfile.php/890/digitaltalk14.zip,Commodore 64
Digital Talk,Digital Talk #15,https://files.scene.org/view/mags/digital_talk/digitaltalk_15.zip,Commodore 64
Digital Talk,Digital Talk #15 (german),http://csdb.dk/getinternalfile.php/889/digitaltalk15.zip,Commodore 64
Digital Talk,Digital Talk #16,https://files.scene.org/view/mags/digital_talk/digitaltalk_16.zip,Commodore 64
Digital Talk,Digital Talk #16 (german),http://csdb.dk/getinternalfile.php/891/digitaltalk16.zip,Commodore 64
Digital Talk,Digital Talk #17,https://files.scene.org/view/mags/digital_talk/digitaltalk_17.zip,Commodore 64
Digital Talk,Digital Talk #17 (german),http://csdb.dk/getinternalfile.php/892/digitaltalk17.zip,Commodore 64
Digital Talk,Digital Talk #18,https://files.scene.org/view/mags/digital_talk/digitaltalk_18.zip,Commodore 64
Digital Talk,Digital Talk #18 (german),http://csdb.dk/getinternalfile.php/893/digitaltalk18.zip,Commodore 64
Digital Talk,Digital Talk #19,https://files.scene.org/view/mags/digital_talk/digitaltalk_19.zip,Commodore 64
Digital Talk,Digital Talk #19 (german),http://csdb.dk/getinternalfile.php/894/digitaltalk19.zip,Commodore 64
Digital Talk,Digital Talk #20,https://files.scene.org/view/mags/digital_talk/digitaltalk_20.zip,Commodore 64
Digital Talk,Digital Talk #20 (german),"ftp://ftp.scs-trc.net/pub/c64/Magazines/Digital_Talk/DigitalTalk_20.zip, http://csdb.dk/getinternalfile.php/64265/DigitalTalk_20.zip",Commodore 64
Digital Talk,Digital Talk #21 (german),http://csdb.dk/getinternalfile.php/895/digitaltalk21.zip,Commodore 64
Digital Talk,Digital Talk #22,https://files.scene.org/view/mags/digital_talk/digitaltalk_22.zip,Commodore 64
Digital Talk,Digital Talk #22 (german),"http://csdb.dk/getinternalfile.php/896/digitaltalk22.zip, http://csdb.dk/getinternalfile.php/108731/dt22.zip",Commodore 64
Digital Talk,Digital Talk #23 (german),http://csdb.dk/getinternalfile.php/897/digitaltalk23.zip,Commodore 64
Digital Talk,Digital Talk #24,https://files.scene.org/view/mags/digital_talk/digitaltalk_24.zip,Commodore 64
Digital Talk,Digital Talk #24 (german),http://csdb.dk/getinternalfile.php/898/digitaltalk24.zip,Commodore 64
Digital Talk,Digital Talk #25 (Silver Edition) (german),http://csdb.dk/getinternalfile.php/899/digitaltalk25.zip,Commodore 64
Digital Talk,Digital Talk #26,https://files.scene.org/view/mags/digital_talk/digitaltalk_26.zip,Commodore 64
Digital Talk,Digital Talk #26 (german),http://csdb.dk/getinternalfile.php/900/digitaltalk26.zip,Commodore 64
Digital Talk,Digital Talk #27,https://files.scene.org/view/mags/digital_talk/digitaltalk_27.zip,Commodore 64
Digital Talk,Digital Talk #27 (german),http://csdb.dk/getinternalfile.php/877/digitaltalk27.zip,Commodore 64
Digital Talk,Digital Talk #28,https://files.scene.org/view/mags/digital_talk/digitaltalk_28.zip,Commodore 64
Digital Talk,Digital Talk #28 (german),http://csdb.dk/getinternalfile.php/901/digitaltalk28.zip,Commodore 64
Digital Talk,Digital Talk #29,https://files.scene.org/view/mags/digital_talk/digitaltalk_29.zip,Commodore 64
Digital Talk,Digital Talk #29 (german),http://csdb.dk/getinternalfile.php/902/digitaltalk29.zip,Commodore 64
Digital Talk,Digital Talk #30,https://files.scene.org/view/mags/digital_talk/digitaltalk_30.zip,Commodore 64
Digital Talk,Digital Talk #30 (german),http://csdb.dk/getinternalfile.php/903/digitaltalk30.zip,Commodore 64
Digital Talk,Digital Talk #31,http://csdb.dk/getinternalfile.php/904/digitaltalk31.zip,Commodore 64
Digital Talk,Digital Talk #31 (german),"https://csdb.dk/getinternalfile.php/221866/DigitalTalk_31.zip, ftp://ftp.scs-trc.net/pub/c64/Magazines/Digital_Talk/DigitalTalk_31.zip, https://github.com/Digital-Talk/issues/blob/main/DigitalTalk_31.zip",Commodore 64
Digital Talk,Digital Talk #32,http://csdb.dk/getinternalfile.php/64266/DigitalTalk_32.zip,Commodore 64
Digital Talk,Digital Talk #32 (german),"ftp://ftp.scs-trc.net/pub/c64/Magazines/Digital_Talk/DigitalTalk_32.zip, http://csdb.dk/getinternalfile.php/64266/DigitalTalk_32.zip",Commodore 64
Digital Talk,Digital Talk #33,http://csdb.dk/getinternalfile.php/905/digitaltalk33.zip,Commodore 64
Digital Talk,Digital Talk #33 (german),"https://csdb.dk/getinternalfile.php/221867/DigitalTalk_33.zip, https://github.com/Digital-Talk/issues/blob/main/DigitalTalk_33.zip, ftp://ftp.scs-trc.net/pub/c64/Magazines/Digital_Talk/DigitalTalk_33.zip",Commodore 64
Digital Talk,Digital Talk #34,https://files.scene.org/view/mags/digital_talk/digitaltalk_34.zip,Commodore 64
Digital Talk,Digital Talk #34 (german),http://csdb.dk/getinternalfile.php/906/digitaltalk34.zip,Commodore 64
Digital Talk,Digital Talk #35,https://files.scene.org/view/mags/digital_talk/digitaltalk_35.zip,Commodore 64
Digital Talk,Digital Talk #35 (german),http://csdb.dk/getinternalfile.php/907/digitaltalk35.zip,Commodore 64
Digital Talk,Digital Talk #36 (german),http://csdb.dk/getinternalfile.php/78109/dt36.zip,Commodore 64
Digital Talk,Digital Talk #37,https://files.scene.org/view/mags/digital_talk/digitaltalk_37.zip,Commodore 64
Digital Talk,Digital Talk #37 (german),http://csdb.dk/getinternalfile.php/878/digitaltalk37.zip,Commodore 64
Digital Talk,Digital Talk #38,https://files.scene.org/view/mags/digital_talk/digitaltalk_38.zip,Commodore 64
Digital Talk,Digital Talk #38 (german),http://csdb.dk/getinternalfile.php/879/digitaltalk38.zip,Commodore 64
Digital Talk,Digital Talk #39,https://files.scene.org/view/mags/digital_talk/digitaltalk_39.zip,Commodore 64
Digital Talk,Digital Talk #39 (german),http://csdb.dk/getinternalfile.php/880/digitaltalk39.zip,Commodore 64
Digital Talk,Digital Talk #40 (german),http://csdb.dk/getinternalfile.php/881/digitaltalk40.zip,Commodore 64
Digital Talk,Digital Talk #41,https://files.scene.org/view/mags/digital_talk/digitaltalk_41.zip,Commodore 64
Digital Talk,Digital Talk #41 (german),http://csdb.dk/getinternalfile.php/882/digitaltalk41.zip,Commodore 64
Digital Talk,Digital Talk #42 (german),http://csdb.dk/getinternalfile.php/883/digitaltalk42.zip,Commodore 64
Digital Talk,Digital Talk #43,https://files.scene.org/view/mags/digital_talk/digitaltalk_43.zip,Commodore 64
Digital Talk,Digital Talk #43 (german),http://csdb.dk/getinternalfile.php/884/digitaltalk43.zip,Commodore 64
Digital Talk,Digital Talk #44 (german),http://csdb.dk/getinternalfile.php/855/digitaltalk44.zip,Commodore 64
Digital Talk,Digital Talk #45 (german),http://csdb.dk/getinternalfile.php/856/digitaltalk45.zip,Commodore 64
Digital Talk,Digital Talk #46,http://csdb.dk/release/download.php?id=87069,Commodore 64
Digital Talk,Digital Talk #46 (german),http://csdb.dk/getinternalfile.php/64267/dt46.zip,Commodore 64
Digital Talk,Digital Talk #47,http://csdb.dk/getinternalfile.php/921/DT %2347.zip,Commodore 64
Digital Talk,Digital Talk #47 (german),http://csdb.dk/getinternalfile.php/921/DT #47.zip,Commodore 64
Digital Talk,Digital Talk #48,https://files.scene.org/view/mags/digital_talk/digitaltalk_48.zip,Commodore 64
Digital Talk,Digital Talk #48 (german),http://csdb.dk/getinternalfile.php/920/DT #48.zip,Commodore 64
Digital Talk,Digital Talk #49,https://files.scene.org/view/mags/digital_talk/digitaltalk_49.zip,Commodore 64
Digital Talk,Digital Talk #49 (german),http://csdb.dk/getinternalfile.php/919/DT #49.zip,Commodore 64
Digital Talk,Digital Talk #50 (Golden DT),https://files.scene.org/view/mags/digital_talk/digitaltalk_50.zip,Commodore 64
Digital Talk,Digital Talk #50 (Golden DT) (german),http://csdb.dk/getinternalfile.php/64268/dt50.zip,Commodore 64
Digital Talk,Digital Talk #51,https://files.scene.org/view/mirrors/padua/Magazines/digital_talk/DigitalTalk51.zip,Commodore 64
Digital Talk,Digital Talk #51 (german),"ftp://ftp.padua.org/pub/c64/Magazines/digital_talk/DigitalTalk51.zip, http://csdb.dk/getinternalfile.php/876/DT #51.zip",Commodore 64
Digital Talk,Digital Talk #52,https://files.scene.org/view/mags/digital_talk/digitaltalk_52.zip,Commodore 64
Digital Talk,Digital Talk #52 (german),http://csdb.dk/getinternalfile.php/875/DT #52.zip,Commodore 64
Digital Talk,Digital Talk #53,https://files.scene.org/view/mags/digital_talk/digitaltalk_53.zip,Commodore 64
Digital Talk,Digital Talk #53 (german),http://csdb.dk/getinternalfile.php/874/DT #53.zip,Commodore 64
Digital Talk,Digital Talk #54,http://csdb.dk/getinternalfile.php/873/DT %2354.zip,Commodore 64
Digital Talk,Digital Talk #54 (german),"ftp://ftp.padua.org/pub/c64/Magazines/digital_talk/DigitalTalk54.zip, http://csdb.dk/getinternalfile.php/873/DT #54.zip",Commodore 64
Digital Talk,Digital Talk #55,http://csdb.dk/getinternalfile.php/64269/dt55.zip,Commodore 64
Digital Talk,Digital Talk #55 (german),"ftp://ftp.padua.org/pub/c64/Magazines/digital_talk/DigitalTalk55.zip, http://csdb.dk/getinternalfile.php/64269/dt55.zip",Commodore 64
Digital Talk,digital talk #56,https://csdb.dk/release/download.php?id=8948,Commodore 64
Digital Talk,Digital Talk #56 (german),http://csdb.dk/getinternalfile.php/872/DT #56.zip,Commodore 64
Digital Talk,Digital Talk #57,http://noname.c64.org/csdb/release/download.php?id=3430,Commodore 64
Digital Talk,Digital Talk #57 (german),"ftp://ftp.padua.org/pub/c64/Magazines/digital_talk/DigitalTalk57.zip, http://csdb.dk/getinternalfile.php/816/DT #57.zip",Commodore 64
Digital Talk,Digital Talk #58,http://csdb.dk/getinternalfile.php/815/DT %2358.zip,Commodore 64
Digital Talk,Digital Talk #58 (german),http://csdb.dk/getinternalfile.php/815/DT #58.zip,Commodore 64
Digital Talk,Digital Talk #59,https://csdb.dk/release/download.php?id=8860,Commodore 64
Digital Talk,Digital Talk #59 (german),http://csdb.dk/getinternalfile.php/813/DT #59.zip,Commodore 64
Digital Talk,Digital Talk #60 (german),http://csdb.dk/getinternalfile.php/64270/dt_download_35_3eabb43d.zip,Commodore 64
Digital Talk,Digital Talk #61,http://csdb.dk/release/download.php?id=8842,Commodore 64
Digital Talk,Digital Talk #61 (german),http://csdb.dk/getinternalfile.php/807/DT #61.zip,Commodore 64
Digital Talk,Digital Talk #62 (german),http://csdb.dk/getinternalfile.php/806/DT #62.zip,Commodore 64
Digital Talk,Digital Talk #62 (Green Tears),http://csdb.dk/release/download.php?id=8838,Commodore 64
Digital Talk,Digital Talk #63,http://csdb.dk/getinternalfile.php/802/Dt %2363.zip,Commodore 64
Digital Talk,Digital Talk #63 (german),"ftp://ftp.padua.org/pub/c64/Magazines/digital_talk/DigitalTalk63.zip, ftp://ftp.scs-trc.net/pub/c64/Magazines/Digital_Talk/DigitalTalk_63.zip, http://csdb.dk/getinternalfile.php/802/Dt #63.zip",Commodore 64
Digital Talk,Digital Talk #64 (german),http://csdb.dk/getinternalfile.php/64271/dt_download_39_4012ca55.zip,Commodore 64
Digital Talk,Digital Talk #65,http://csdb.dk/getinternalfile.php/1520/DT %2365.zip,Commodore 64
Digital Talk,Digital Talk #65 (german),http://csdb.dk/getinternalfile.php/1520/DT #65.zip,Commodore 64
Digital Talk,Digital Talk #66,http://csdb.dk/getinternalfile.php/2241/DT %2366.zip,Commodore 64
Digital Talk,Digital Talk #66 (german),http://csdb.dk/getinternalfile.php/2241/DT #66.zip,Commodore 64
Digital Talk,Digital Talk #67 (german),http://csdb.dk/getinternalfile.php/64272/dt_download_42_40e2e20e.zip,Commodore 64
Digital Talk,Digital Talk #68,http://csdb.dk/getinternalfile.php/4876/DT %2368.zip,Commodore 64
Digital Talk,Digital Talk #68 (german),http://csdb.dk/getinternalfile.php/4876/DT #68.zip,Commodore 64
Digital Talk,Digital Talk #69,http://csdb.dk/getinternalfile.php/3569/DT %2369 low.zip,Commodore 64
Digital Talk,Digital Talk #69 (german),http://csdb.dk/getinternalfile.php/3569/DT #69 low.zip,Commodore 64
Digital Talk,Digital Talk #70,http://csdb.dk/getinternalfile.php/4875/DT %2370 low.zip,Commodore 64
Digital Talk,Digital Talk #70 (german),http://csdb.dk/getinternalfile.php/4875/DT #70 low.zip,Commodore 64
Digital Talk,Digital Talk #71,http://csdb.dk/getinternalfile.php/5787/DT %2371.zip,Commodore 64
Digital Talk,Digital Talk #71 (german),"http://csdb.dk/getinternalfile.php/5787/DT #71.zip, ftp://ftp.scs-trc.net/pub/c64/Magazines/Digital_Talk/DigitalTalk_71.zip",Commodore 64
Digital Talk,Digital Talk #72,http://csdb.dk/getinternalfile.php/6322/DT %2372.zip,Commodore 64
Digital Talk,Digital Talk #72 (german),http://csdb.dk/getinternalfile.php/6322/DT #72.zip,Commodore 64
Digital Talk,Digital Talk #73,http://csdb.dk/getinternalfile.php/6565/DT %2373.zip,Commodore 64
Digital Talk,Digital Talk #73 (german),http://csdb.dk/getinternalfile.php/6565/DT #73.zip,Commodore 64
Digital Talk,Digital Talk #74,https://csdb.dk/release/download.php?id=22716,Commodore 64
Digital Talk,Digital Talk #74 (german),"http://csdb.dk/getinternalfile.php/9086/DT #74.zip, http://csdb.dk/getinternalfile.php/68830/RX-8 breit.jpg",Commodore 64
Digital Talk,Digital Talk #75,http://csdb.dk/getinternalfile.php/9663/DT %2375.zip,Commodore 64
Digital Talk,Digital Talk #75 (german),http://csdb.dk/getinternalfile.php/9663/DT #75.zip,Commodore 64
Digital Talk,Digital Talk #76,http://csdb.dk/getinternalfile.php/14105/DT %2376.zip,Commodore 64
Digital Talk,Digital Talk #76 (german),"http://csdb.dk/getinternalfile.php/14105/DT #76.zip, ftp://ftp.scs-trc.net/pub/c64/Magazines/Digital_Talk/DigitalTalk_76.zip",Commodore 64
Digital Talk,Digital Talk #77 (german),http://csdb.dk/getinternalfile.php/17407/dt77.zip,Commodore 64
Digital Talk,Digital Talk #78,http://csdb.dk/getinternalfile.php/21967/DT %2378.zip,Commodore 64
Digital Talk,Digital Talk #78 (german),http://csdb.dk/getinternalfile.php/21967/DT #78.zip,Commodore 64
Digital Talk,Digital Talk #79 (german),http://csdb.dk/getinternalfile.php/26520/DT79.zip,Commodore 64
Digital Talk,Digital Talk #80,http://csdb.dk/getinternalfile.php/40555/DT %2380.zip,Commodore 64
Digital Talk,Digital Talk #80 (german),http://csdb.dk/getinternalfile.php/40555/DT #80.zip,Commodore 64
Digital Talk,Digital Talk #81 (german),http://csdb.dk/getinternalfile.php/58772/DT #81.zip,Commodore 64
Digital Talk,Digital Talk #82 (german),http://csdb.dk/getinternalfile.php/58924/DT #82.zip,Commodore 64
Digital Talk,Digital Talk #83 (german),http://csdb.dk/getinternalfile.php/62772/DT #83.zip,Commodore 64
Digital Talk,Digital Talk #84 (german),http://csdb.dk/getinternalfile.php/67885/DT #84.zip,Commodore 64
Digital Talk,Digital Talk #85 (german),http://csdb.dk/getinternalfile.php/69370/DT #85.zip,Commodore 64
Digital Talk,Digital Talk #86 (german),http://csdb.dk/getinternalfile.php/74244/DT86.zip,Commodore 64
Digital Talk,Digital Talk #87 (german),http://csdb.dk/getinternalfile.php/78582/DT #87.zip,Commodore 64
Digital Talk,Digital Talk #88 (german),http://csdb.dk/getinternalfile.php/81255/DT #88.zip,Commodore 64
Digital Talk,Digital Talk #89 (german),http://csdb.dk/getinternalfile.php/82523/DT #89.zip,Commodore 64
Digital Talk,Digital Talk #90 (german),"http://csdb.dk/getinternalfile.php/86946/DT #90.zip, http://csdb.dk/getinternalfile.php/87069/DT #90.zip",Commodore 64
Digital Talk,Digital Talk #91 (german),http://csdb.dk/getinternalfile.php/96197/digitaltalk91.zip,Commodore 64
Digital Talk,Digital Talk #92 (german),http://csdb.dk/getinternalfile.php/98915/dt092.zip,Commodore 64
Digital Talk,Digital Talk #93 (german),http://csdb.dk/getinternalfile.php/100563/dt093.zip,Commodore 64
Digital Talk,Digital Talk #94 (german),http://csdb.dk/getinternalfile.php/105117/dt094.zip,Commodore 64
Digital Talk,Digital Talk #95 (german),http://csdb.dk/getinternalfile.php/109265/dt095.zip,Commodore 64
Digital Talk,Digital Talk #96 (german),http://csdb.dk/getinternalfile.php/111895/dt096.zip,Commodore 64
Digital Talk,Digital Talk #97 (german),http://csdb.dk/getinternalfile.php/118482/dt097.zip,Commodore 64
Digital Talk,Digital Talk #98 (german),http://csdb.dk/getinternalfile.php/128290/dt098.zip,Commodore 64
Digital Talk,Digital Talk #99 (german),http://csdb.dk/getinternalfile.php/156756/DT99.zip,Commodore 64
Dynamic News,Dynamic News #01 (german),http://csdb.dk/getinternalfile.php/197618/Dynamic News #1 (19xx)(-).d64,Commodore 64
"Tiger-Disk, Tiger Disk",Four Years Tiger-Disk,http://csdb.dk/getinternalfile.php/76246/tigerdisk_4years.zip,Commodore 64
Galaxy,Galaxy #01 (german),"https://csdb.dk/getinternalfile.php/241607/Galaxy01_BothSides.zip, https://csdb.dk/getinternalfile.php/241599/Galaxy01.d64",Commodore 64
Game On,Game On #12/88 (german),http://csdb.dk/getinternalfile.php/166541/Game-On-Issue-12-88-german-DVE.d64,Commodore 64
Helpline,Helpline #001 (german),http://csdb.dk/getinternalfile.php/207702/Helpline_001.d64,Commodore 64
Helpline,Helpline #002 (german),http://csdb.dk/getinternalfile.php/207701/Helpline_002.d64,Commodore 64
Helpline,Helpline #003 (german),http://csdb.dk/getinternalfile.php/207703/Helpline_003.d64,Commodore 64
Helpline,Helpline #004 (german),http://csdb.dk/getinternalfile.php/207704/Helpline_004.d64,Commodore 64
Helpline,Helpline #005 (german),http://csdb.dk/getinternalfile.php/207705/Helpline_005.d64,Commodore 64
Helpline,Helpline #006 (german),http://csdb.dk/getinternalfile.php/207706/Helpline_006.d64,Commodore 64
Helpline,Helpline #007 (german),http://csdb.dk/getinternalfile.php/207715/Helpline_007.d64,Commodore 64
Helpline,Helpline #008 (german),http://csdb.dk/getinternalfile.php/207716/Helpline_008.d64,Commodore 64
Helpline,Helpline #009 (german),http://csdb.dk/getinternalfile.php/207717/Helpline_009.d64,Commodore 64
Helpline,Helpline #010 (german),http://csdb.dk/getinternalfile.php/207718/Helpline_010.d64,Commodore 64
Helpline,Helpline #011 (german),http://csdb.dk/getinternalfile.php/207719/Helpline_011.d64,Commodore 64
Helpline,Helpline #012 (german),http://csdb.dk/getinternalfile.php/207720/Helpline_012.d64,Commodore 64
Helpline,Helpline #013 (german),http://csdb.dk/getinternalfile.php/207721/Helpline_013.d64,Commodore 64
Helpline,Helpline #014 (german),http://csdb.dk/getinternalfile.php/207722/Helpline_014.d64,Commodore 64
Helpline,Helpline #015 (german),http://csdb.dk/getinternalfile.php/207723/Helpline_015.d64,Commodore 64
Helpline,Helpline #016 (german),http://csdb.dk/getinternalfile.php/207724/Helpline_016.d64,Commodore 64
Helpline,Helpline #017 (german),http://csdb.dk/getinternalfile.php/207725/Helpline_017.d64,Commodore 64
Helpline,Helpline #018 (german),http://csdb.dk/getinternalfile.php/207726/Helpline_018.d64,Commodore 64
Helpline,Helpline #019 (german),http://csdb.dk/getinternalfile.php/207727/Helpline_019.d64,Commodore 64
Helpline,Helpline #020 (german),http://csdb.dk/getinternalfile.php/207728/Helpline_020.d64,Commodore 64
Helpline,Helpline #021 (german),http://csdb.dk/getinternalfile.php/207729/Helpline_021.d64,Commodore 64
Helpline,Helpline #022 (german),http://csdb.dk/getinternalfile.php/207730/Helpline_022.d64,Commodore 64
Helpline,Helpline #023 (german),http://csdb.dk/getinternalfile.php/207731/Helpline_023.d64,Commodore 64
Helpline,Helpline #024 (german),http://csdb.dk/getinternalfile.php/207732/Helpline_024.d64,Commodore 64
Helpline,Helpline #025 (german),http://csdb.dk/getinternalfile.php/207733/Helpline_025.d64,Commodore 64
Helpline,Helpline #026 (german),http://csdb.dk/getinternalfile.php/207734/Helpline_026.d64,Commodore 64
Helpline,Helpline #027 (german),http://csdb.dk/getinternalfile.php/207735/Helpline_027.d64,Commodore 64
Helpline,Helpline #028 (german),http://csdb.dk/getinternalfile.php/207737/Helpline_028.d64,Commodore 64
Helpline,Helpline #029 (german),http://csdb.dk/getinternalfile.php/207736/Helpline_029.d64,Commodore 64
Helpline,Helpline #030 (german),http://csdb.dk/getinternalfile.php/207739/Helpline_030.d64,Commodore 64
Helpline,Helpline #031 (german),http://csdb.dk/getinternalfile.php/207740/Helpline_031.d64,Commodore 64
Helpline,Helpline #032 (german),http://csdb.dk/getinternalfile.php/207741/Helpline_032.d64,Commodore 64
Helpline,Helpline #033 (german),http://csdb.dk/getinternalfile.php/207742/Helpline_033.d64,Commodore 64
Helpline,Helpline #034 (german),http://csdb.dk/getinternalfile.php/207743/Helpline_034.d64,Commodore 64
Helpline,Helpline #035 (german),http://csdb.dk/getinternalfile.php/207744/Helpline_035.d64,Commodore 64
Helpline,Helpline #036 (german),http://csdb.dk/getinternalfile.php/207745/Helpline_036.d64,Commodore 64
Helpline,Helpline #037 (german),http://csdb.dk/getinternalfile.php/207947/Helpline_037-Terragon_Software.d64,Commodore 64
Helpline,Helpline #038 (german),http://csdb.dk/getinternalfile.php/207948/38.d64,Commodore 64
Helpline,Helpline #039 (german),http://csdb.dk/getinternalfile.php/207949/39.d64,Commodore 64
Helpline,Helpline #040 (german),http://csdb.dk/getinternalfile.php/207950/40.d64,Commodore 64
Helpline,Helpline #041 (german),http://csdb.dk/getinternalfile.php/207951/41.d64,Commodore 64
Helpline,Helpline #042 (german),http://csdb.dk/getinternalfile.php/207952/42.d64,Commodore 64
Helpline,Helpline #043 (german),http://csdb.dk/getinternalfile.php/207953/43.d64,Commodore 64
Helpline,Helpline #044 (german),http://csdb.dk/getinternalfile.php/207954/44.d64,Commodore 64
Helpline,Helpline #045 (german),http://csdb.dk/getinternalfile.php/207955/45.d64,Commodore 64
Helpline,Helpline #046 (german),http://csdb.dk/getinternalfile.php/207956/46.d64,Commodore 64
Helpline,Helpline #047 (german),http://csdb.dk/getinternalfile.php/207957/47.d64,Commodore 64
Helpline,Helpline #048 (german),http://csdb.dk/getinternalfile.php/207958/48.d64,Commodore 64
Helpline,Helpline #049 (german),http://csdb.dk/getinternalfile.php/207959/49.d64,Commodore 64
"Input, Input 64",Input 64 #01/88,http://csdb.dk/getinternalfile.php/166887/Input-64-Issue-1-1988-TMS.d64,Commodore 64
Killer-Drive 64,Killer-Drive #7,http://csdb.dk/getinternalfile.php/86448/killerdrive07d64.zip,Commodore 64
Killer-Drive 64,Killer-Drive 64 #10 (german),http://csdb.dk/getinternalfile.php/212811/Killerdrive10.D64,Commodore 64
Killer-Drive 64,Killer-Drive 64 #2 (german),http://csdb.dk/getinternalfile.php/212879/killerdrive02.d64,Commodore 64
Killer-Drive 64,Killer-Drive 64 #5 (german),http://csdb.dk/getinternalfile.php/212810/killerdrive5.d64,Commodore 64
Killer-Drive 64,Killer-Drive 64 #7 (german),"http://csdb.dk/getinternalfile.php/24918/killerdrive07.zip, http://csdb.dk/getinternalfile.php/86448/killerdrive07d64.zip",Commodore 64
Killer-Drive 64,Killer-Drive 64 #8 (german),http://csdb.dk/getinternalfile.php/212812/Killerdrive8.zip,Commodore 64
Killer-Drive 64,Killer-Drive 64 #9 (german),http://csdb.dk/getinternalfile.php/86449/killerdrive9.zip,Commodore 64
Magic Code,Magic Code #01 (german),http://csdb.dk/getinternalfile.php/218605/MagicCode01-ApolloDesigns.D64,Commodore 64
"Mini Mag, Mini-Mag",Mini Mag #09 (german),http://csdb.dk/getinternalfile.php/131082/minimag09.zip,Commodore 64
"Mini Mag, Mini-Mag",Mini-Mag #01 (german),http://csdb.dk/getinternalfile.php/104976/mini-mag_01.zip,Commodore 64
"Mini Mag, Mini-Mag",Mini-Mag #02 (german),http://csdb.dk/getinternalfile.php/106671/minimag02.zip,Commodore 64
"Mini Mag, Mini-Mag",Mini-Mag #03 (german),http://csdb.dk/getinternalfile.php/108386/Mini Mag Ausgabe 3.rar,Commodore 64
"Mini Mag, Mini-Mag",Mini-Mag #04 (german),http://csdb.dk/getinternalfile.php/111625/Mini Mag Ausgabe 4.rar,Commodore 64
"Mini Mag, Mini-Mag",Mini-Mag #05 (german),http://csdb.dk/getinternalfile.php/115771/Mini Mag 05.rar,Commodore 64
"Mini Mag, Mini-Mag",Mini-Mag #06 (german),http://csdb.dk/getinternalfile.php/119102/MiniMag#06.rar,Commodore 64
"Mini Mag, Mini-Mag",Mini-Mag #07 (german),http://csdb.dk/getinternalfile.php/127902/Mini Mag #07.rar,Commodore 64
"Mini Mag, Mini-Mag",Mini-Mag #08 (german),http://csdb.dk/getinternalfile.php/127901/Mini Mag #08.rar,Commodore 64
"Mini Mag, Mini-Mag",Mini-Mag #10 (german),http://csdb.dk/getinternalfile.php/133922/Ausgabe 10.zip,Commodore 64
"Tiger-Disk, Tiger Disk",One Year Tiger-Disk,http://csdb.dk/getinternalfile.php/76243/tigerdisk_1year.zip,Commodore 64
Poke Tip und Trick's Diskette,Poke Tip und Trick's Diskette (german),http://csdb.dk/getinternalfile.php/203872/poketipsundtricks-MisterX-C64stuff.zip,Commodore 64
Power Disk 64,Power Disk 64 1-97,http://csdb.dk/getinternalfile.php/31766/power_disk_64_1-97.zip,Commodore 64
Power Disk 64,Power Disk 64 2-97,http://csdb.dk/getinternalfile.php/31767/power_disk_64_2-97.zip,Commodore 64
Power Disk 64,Power Disk 64 2-98,http://csdb.dk/getinternalfile.php/31768/power_disk_64_2-98.zip,Commodore 64
Publication,Publication #1,http://csdb.dk/getinternalfile.php/140391/pbc01.zip,Commodore 64
Publication,Publication #10,http://csdb.dk/getinternalfile.php/140399/pbc10.zip,Commodore 64
Publication,Publication #11,http://csdb.dk/getinternalfile.php/140400/pbc11.zip,Commodore 64
Publication,Publication #12,http://csdb.dk/getinternalfile.php/140401/pbc12.zip,Commodore 64
Publication,Publication #13,http://csdb.dk/getinternalfile.php/140378/pbc13.zip,Commodore 64
Publication,Publication #14,http://csdb.dk/getinternalfile.php/140379/pbc14.zip,Commodore 64
Publication,Publication #15,http://csdb.dk/getinternalfile.php/140380/pbc15.zip,Commodore 64
Publication,Publication #16,http://csdb.dk/getinternalfile.php/140381/pbc16.zip,Commodore 64
Publication,Publication #17,http://csdb.dk/getinternalfile.php/140382/pbc17.zip,Commodore 64
Publication,Publication #18,http://csdb.dk/getinternalfile.php/140383/pbc18.zip,Commodore 64
Publication,Publication #19,http://csdb.dk/getinternalfile.php/140384/pbc19.zip,Commodore 64
Publication,Publication #2,http://csdb.dk/getinternalfile.php/140392/pbc02.zip,Commodore 64
Publication,Publication #20,http://csdb.dk/getinternalfile.php/140385/pbc20.zip,Commodore 64
Publication,Publication #21,http://csdb.dk/getinternalfile.php/140386/pbc21.zip,Commodore 64
Publication,Publication #22,http://csdb.dk/getinternalfile.php/140387/pbc22.zip,Commodore 64
Publication,Publication #23,http://csdb.dk/getinternalfile.php/140388/pbc23.zip,Commodore 64
Publication,Publication #24,http://csdb.dk/getinternalfile.php/140389/pbc24.zip,Commodore 64
Publication,Publication #25,http://csdb.dk/getinternalfile.php/140390/pbc25.zip,Commodore 64
Publication,Publication #26,http://csdb.dk/getinternalfile.php/85409/publication26.d64,Commodore 64
Publication,Publication #27,http://csdb.dk/getinternalfile.php/140335/pbc27.zip,Commodore 64
Publication,Publication #28,"ftp://ftp.scs-trc.net/pub/c64/Magazines/Publication/Publication_28.zip, http://csdb.dk/getinternalfile.php/64606/Publication_28.zip",Commodore 64
Publication,Publication #29,"ftp://ftp.scs-trc.net/pub/c64/Magazines/Publication/Publication_29.zip, http://csdb.dk/getinternalfile.php/64607/Publication_29.zip",Commodore 64
Publication,Publication #3,http://csdb.dk/getinternalfile.php/140393/pbc03.zip,Commodore 64
Publication,Publication #30,"ftp://ftp.scs-trc.net/pub/c64/Magazines/Publication/Publication_30.zip, http://csdb.dk/getinternalfile.php/64608/Publication_30.zip",Commodore 64
Publication,Publication #31,http://csdb.dk/getinternalfile.php/140336/pbc31.zip,Commodore 64
Publication,Publication #32,http://csdb.dk/getinternalfile.php/140337/pbc32.zip,Commodore 64
Publication,Publication #33,http://csdb.dk/getinternalfile.php/140338/pbc33.zip,Commodore 64
Publication,Publication #34,http://csdb.dk/getinternalfile.php/140339/pbc34.zip,Commodore 64
Publication,Publication #35,http://csdb.dk/getinternalfile.php/140340/pbc35.zip,Commodore 64
Publication,Publication #36,http://csdb.dk/getinternalfile.php/140341/pbc36.zip,Commodore 64
Publication,Publication #37,http://csdb.dk/getinternalfile.php/140342/pbc37.zip,Commodore 64
Publication,Publication #38,http://csdb.dk/getinternalfile.php/140343/pbc38.zip,Commodore 64
Publication,Publication #39,http://csdb.dk/getinternalfile.php/140344/pbc39.zip,Commodore 64
Publication,Publication #4,http://csdb.dk/getinternalfile.php/140394/pbc04.zip,Commodore 64
Publication,Publication #40,http://csdb.dk/getinternalfile.php/140289/pbc40.zip,Commodore 64
Publication,Publication #41,http://csdb.dk/getinternalfile.php/140290/pbc41.zip,Commodore 64
Publication,Publication #42,http://csdb.dk/getinternalfile.php/140291/pbc42.zip,Commodore 64
Publication,Publication #43,http://csdb.dk/getinternalfile.php/140292/pbc43.zip,Commodore 64
Publication,Publication #44,http://csdb.dk/getinternalfile.php/140293/pbc44.zip,Commodore 64
Publication,Publication #45,http://csdb.dk/getinternalfile.php/140294/pbc45.zip,Commodore 64
Publication,Publication #46,http://csdb.dk/getinternalfile.php/64609/pbc46 [civitas].zip,Commodore 64
Publication,Publication #47,http://csdb.dk/getinternalfile.php/140295/pbc47.zip,Commodore 64
Publication,Publication #48,http://csdb.dk/getinternalfile.php/140296/pbc48.zip,Commodore 64
Publication,publication #48,https://csdb.dk/release/download.php?id=173716,Commodore 64
Publication,publication #49,http://csdb.dk/getinternalfile.php/64610/Publication_49.zip,Commodore 64
Publication,Publication #49,"ftp://ftp.padua.org/pub/c64/Magazines/publication/Publication_49.zip, http://csdb.dk/getinternalfile.php/64610/Publication_49.zip",Commodore 64
Publication,Publication #5,http://csdb.dk/getinternalfile.php/140395/pbc05.zip,Commodore 64
Publication,Publication #50,http://csdb.dk/getinternalfile.php/61978/pbc50 [civitas].zip,Commodore 64
Publication,Publication #51,http://csdb.dk/getinternalfile.php/140297/pbc51.zip,Commodore 64
Publication,Publication #52,http://csdb.dk/getinternalfile.php/64611/pbc52 [civitas].zip,Commodore 64
Publication,Publication #53,http://csdb.dk/getinternalfile.php/140298/pbc53.zip,Commodore 64
Publication,Publication #54,"http://csdb.dk/getinternalfile.php/4877/pbc54 [civitas].zip, ftp://ftp.scs-trc.net/pub/c64/Magazines/Publication/Publication_54.zip",Commodore 64
Publication,Publication #55,http://csdb.dk/getinternalfile.php/5959/pbc55 [civitas].zip,Commodore 64
Publication,Publication #56,http://csdb.dk/getinternalfile.php/7998/pbc56 [civitas].zip,Commodore 64
Publication,Publication #57,http://csdb.dk/getinternalfile.php/14273/pbc57 [civitas].zip,Commodore 64
Publication,Publication #6,http://csdb.dk/getinternalfile.php/140396/pbc06.zip,Commodore 64
Publication,Publication #7,http://csdb.dk/getinternalfile.php/140397/pbc07.zip,Commodore 64
Publication,Publication #8,http://csdb.dk/getinternalfile.php/140398/pbc08.zip,Commodore 64
Publication,Publication #9,"ftp://ftp.scs-trc.net/pub/c64/Magazines/Publication/Publication_09.zip, http://csdb.dk/getinternalfile.php/114113/Publication_09.zip, http://csdb.dk/getinternalfile.php/114115/publication9.zip",Commodore 64
Publicnews,Publicnews 03/89 (german),http://csdb.dk/getinternalfile.php/172184/Publicnews03-89-Security.d64,Commodore 64
Publicnews,Publicnews 04/89 (german),http://csdb.dk/getinternalfile.php/172183/Publicnews04-89-Security.d64,Commodore 64
Publicnews,Publicnews 06/89 (german),"http://csdb.dk/getinternalfile.php/114299/publicnews-061989.zip, http://csdb.dk/getinternalfile.php/114297/pn.d64",Commodore 64
Publicnews,Publicnews 07/89 (german),http://csdb.dk/getinternalfile.php/172185/Publicnews07-89-Security.d64,Commodore 64
Publicnews,Publicnews 08/89 (german),http://csdb.dk/getinternalfile.php/172186/Publicnews08-89-Security.d64,Commodore 64
Publicnews,Publicnews 09/89 (german),http://csdb.dk/getinternalfile.php/172182/Publicnews09-89-Security.d64,Commodore 64
Publicnews,Publicnews 10/89 (german),http://csdb.dk/getinternalfile.php/172169/PUBLICNEWS_1089.d64,Commodore 64
Publicnews,Publicnews 11/89 (german),http://csdb.dk/getinternalfile.php/172187/Publicnews11-89-Security.d64,Commodore 64
Pulp,Pulp #1,https://sceneworld.org/assets/downloads/misc/pulp1.zip,Commodore 64
Pulp,Pulp #2,https://sceneworld.org/assets/downloads/misc/pulp2.zip,Commodore 64
Pulp,Pulp #3,https://sceneworld.org/assets/downloads/misc/pulp3.zip,Commodore 64
Role Playing Games,Role Playing Games #01 (german),http://csdb.dk/getinternalfile.php/166700/Issue #1 of Role Playing Games [ccg].d64,Commodore 64
Role Playing Games,Role Playing Games #02 (german),http://csdb.dk/getinternalfile.php/167373/Issue #2 of Role Playing Games [ccg].d64,Commodore 64
Scene World,scene world #1,http://csdb.dk/getinternalfile.php/1202/swo_01.zip,Commodore 64
Scene World,Scene World #1,"http://home.arcor.de/sceneworld/Sceneworld2/Swo/downloads/issues/swo_01.D64, http://www.cbmhardware.de/dlmanager/files/sceneworld/swo_01.zip, http://home.arcor.de/sceneworld/Sceneworld2/Swo/downloads/issues/swo_01.zip, http://csdb.dk/getinternalfile.php/1202/swo_01.zip, ftp://ftp.padua.org/pub/c64/Magazines/scene_world/scene_world_01.zip",Commodore 64
Scene World,Scene World #10,"http://csdb.dk/getinternalfile.php/1295/swo10all.zip, http://home.arcor.de/sceneworld/Sceneworld2/Swo/downloads/issues/swo_10_d64.zip, ftp://ftp.padua.org/pub/c64/Magazines/scene_world/scene_world_10.zip, http://home.arcor.de/sceneworld/Sceneworld2/Swo/downloads/issues/swo_10_d81.zip",Commodore 64
Scene World,Scene World #11,"http://home.arcor.de/sceneworld/Sceneworld2/Swo/downloads/issues/swo11all.zip, http://www.cbmhardware.de/dlmanager/files/sceneworld/swo11all.zip, http://home.arcor.de/sceneworld/Sceneworld2/Swo/downloads/issues/swo_11_d64.zip, http://home.arcor.de/sceneworld/Sceneworld2/Swo/downloads/issues/swo_11_d81.zip, http://csdb.dk/getinternalfile.php/2346/swo11all.zip, ftp://ftp.padua.org/pub/c64/Magazines/scene_world/scene_world_11.zip",Commodore 64
Scene World,Scene World #12,"http://csdb.dk/getinternalfile.php/2980/swo12all.zip, http://home.arcor.de/sceneworld/Sceneworld2/Swo/downloads/issues/swo_12_d81.zip, http://home.arcor.de/sceneworld/Sceneworld2/Swo/downloads/issues/swo_12_d64.zip, ftp://ftp.scs-trc.net/pub/c64/Magazines/Sceneworld/Sceneworld_12.zip",Commodore 64
Scene World,Scene World #13,"http://csdb.dk/getinternalfile.php/3599/SWO13all.zip, http://home.arcor.de/sceneworld/Sceneworld2/Swo/downloads/issues/swo_13_d64.zip, http://home.arcor.de/sceneworld/Sceneworld2/Swo/downloads/issues/swo_13_d81.zip, ftp://ftp.scs-trc.net/pub/c64/Magazines/Sceneworld/Sceneworld_13.zip",Commodore 64
Scene World,Scene World #14,"http://csdb.dk/getinternalfile.php/5929/swo14all.zip, http://home.arcor.de/sceneworld/Sceneworld2/Swo/downloads/issues/swo_14_d64.zip, http://home.arcor.de/sceneworld/Sceneworld2/Swo/downloads/issues/swo_14_d81.zip, ftp://ftp.scs-trc.net/pub/c64/Magazines/Sceneworld/Sceneworld_14.zip",Commodore 64
Scene World,Scene World #15,"http://csdb.dk/getinternalfile.php/8111/issue15all.zip, http://home.arcor.de/sceneworld/Sceneworld2/Swo/downloads/issues/swo_15_d81.zip, http://home.arcor.de/sceneworld/Sceneworld2/Swo/downloads/issues/swo_15_d64.zip",Commodore 64
Scene World,Scene World #16,"http://csdb.dk/getinternalfile.php/89333/swo 16.zip, http://csdb.dk/getinternalfile.php/89334/swo16-81.zip, http://csdb.dk/getinternalfile.php/89456/issue16all.zip, ftp://ftp.padua.org/pub/c64/Magazines/scene_world/scene_world_16.zip",Commodore 64
Scene World,Scene World #17,"http://csdb.dk/getinternalfile.php/99330/swo#17-.all.zip, ftp://ftp.padua.org/pub/c64/Magazines/scene_world/scene_world_17.zip",Commodore 64
Scene World,Scene World #18,"http://csdb.dk/getinternalfile.php/106182/swo_18.d64, ftp://ftp.padua.org/pub/c64/Magazines/scene_world/scene_world_18.zip",Commodore 64
Scene World,Scene World #19,"http://csdb.dk/getinternalfile.php/107984/SWO#19.d64, http://csdb.dk/getinternalfile.php/109078/SWO#19.d81.zip",Commodore 64
Scene World,Scene World #2,"http://www.cbmhardware.de/dlmanager/files/sceneworld/swo_02.zip, http://csdb.dk/getinternalfile.php/1203/swo_02.zip, ftp://ftp.padua.org/pub/c64/Magazines/scene_world/scene_world_02.zip",Commodore 64
Scene World,scene world #2,http://csdb.dk/getinternalfile.php/1203/swo_02.zip,Commodore 64
Scene World,Scene World #20,"http://csdb.dk/getinternalfile.php/112137/SWO#20_d64.zip, http://csdb.dk/getinternalfile.php/112138/SWO#20.d81",Commodore 64
Scene World,Scene World #21,"http://csdb.dk/getinternalfile.php/119702/SWO#21.d64, http://csdb.dk/getinternalfile.php/119703/SWO#21-1581.d81",Commodore 64
Scene World,Scene World #22,"http://sceneworld.org/assets/downloads/issues/swo-22.zip, http://csdb.dk/getinternalfile.php/126652/swo-22.zip",Commodore 64
Scene World,Scene World #23,"http://sceneworld.org/assets/downloads/issues/swo-23.zip, http://csdb.dk/getinternalfile.php/132664/swo-23.zip",Commodore 64
Scene World,Scene World #24,http://csdb.dk/getinternalfile.php/136242/swo-24.zip,Commodore 64
Scene World,Scene World #25,"http://csdb.dk/getinternalfile.php/141610/d64 release.zip, http://csdb.dk/getinternalfile.php/141611/d81.zip, http://csdb.dk/getinternalfile.php/141612/IDE64_compatible_startup_for_side_25.1.zip",Commodore 64
Scene World,Scene World #26,http://csdb.dk/getinternalfile.php/149057/swo-26.zip,Commodore 64
Scene World,Scene World #27,http://csdb.dk/getinternalfile.php/157689/swo-27.zip,Commodore 64
Scene World,Scene World #28,http://csdb.dk/getinternalfile.php/168014/swo-28.zip,Commodore 64
Scene World,Scene World #28 Amiga,https://sceneworld.org/assets/downloads/issues/amiga/SWO_28_Amiga.lha,"Amiga AGA, Amiga OCS/ECS"
Scene World,Scene World #29,http://csdb.dk/getinternalfile.php/187476/SWO#29.zip,Commodore 64
Scene World,Scene World #29 Amiga,https://sceneworld.org/assets/downloads/issues/amiga/SWO_29_Amiga.lha,"Amiga AGA, Amiga OCS/ECS"
Scene World,scene world #3,http://csdb.dk/getinternalfile.php/1204/swo_03.zip,Commodore 64
Scene World,Scene World #3,"http://www.cbmhardware.de/dlmanager/files/sceneworld/swo_03.zip, http://csdb.dk/getinternalfile.php/1204/swo_03.zip, ftp://ftp.padua.org/pub/c64/Magazines/scene_world/scene_world_03.zip",Commodore 64
Scene World,Scene World #30,"http://csdb.dk/getinternalfile.php/205811/SWO#30All.zip, https://sceneworld.org/assets/downloads/issues/swo-30.zip",Commodore 64
Scene World,Scene World #30 Amiga,https://sceneworld.org/assets/downloads/issues/amiga/SWO_30_Amiga.lzh,"Amiga AGA, Amiga OCS/ECS"
Scene World,Scene World #31,https://csdb.dk/getinternalfile.php/228488/swo-31.zip,Commodore 64
Scene World,Scene World #32,https://csdb.dk/getinternalfile.php/238437/swo-32.zip,Commodore 64
Scene World,Scene World #4,"http://home.arcor.de/sceneworld/Sceneworld2/Swo/downloads/issues/swo_04.zip, http://csdb.dk/getinternalfile.php/1205/swo_04.zip, http://home.arcor.de/sceneworld/Sceneworld2/Swo/downloads/issues/swo_04.D64, ftp://ftp.padua.org/pub/c64/Magazines/scene_world/scene_world_04.zip, http://www.c64.sk/files/sceneworld04.zip, http://www.cbmhardware.de/dlmanager/files/sceneworld/swo_04.zip",Commodore 64
Scene World,scene world #4,http://www.c64.sk/files/sceneworld04.zip,Commodore 64
Scene World,Scene World #5,"http://home.arcor.de/sceneworld/Sceneworld2/Swo/downloads/issues/swo_05.zip, http://www.cbmhardware.de/dlmanager/files/sceneworld/swo_05.zip, http://csdb.dk/getinternalfile.php/1206/swo_05.zip",Commodore 64
Scene World,scene world #5,http://csdb.dk/getinternalfile.php/1206/swo_05.zip,Commodore 64
Scene World,Scene World #6,"http://home.arcor.de/sceneworld/Sceneworld2/Swo/downloads/issues/swo_06.zip, http://csdb.dk/getinternalfile.php/1207/swo_06.zip, http://www.cbmhardware.de/dlmanager/files/sceneworld/swo_06.zip, ftp://ftp.padua.org/pub/c64/Magazines/scene_world/scene_world_06.zip",Commodore 64
Scene World,scene world #6,http://csdb.dk/getinternalfile.php/1207/swo_06.zip,Commodore 64
Scene World,Scene World #7,"http://home.arcor.de/sceneworld/Sceneworld2/Swo/downloads/issues/swo_07.zip, http://csdb.dk/getinternalfile.php/1208/swo_07.zip, http://www.cbmhardware.de/dlmanager/files/sceneworld/swo_07.zip, ftp://ftp.padua.org/pub/c64/Magazines/scene_world/scene_world_07.zip",Commodore 64
Scene World,Scene World #8,"http://home.arcor.de/sceneworld/Sceneworld2/Swo/downloads/issues/swo_08.zip, http://csdb.dk/getinternalfile.php/1209/swo_08.zip, ftp://ftp.padua.org/pub/c64/Magazines/scene_world/scene_world_08.zip",Commodore 64
Scene World,Scene World #9,"http://home.arcor.de/sceneworld/Sceneworld2/Swo/downloads/issues/swo_09.zip, http://csdb.dk/getinternalfile.php/606/swo_09.zip, ftp://ftp.padua.org/pub/c64/Magazines/scene_world/scene_world_09.zip",Commodore 64
Scene World,Scene World 1,"https://files.scene.org/get/mags/scene_world/swo_01.zip, https://files.scene.org/view/mags/scene_world/swo_01.zip",Commodore 64
Scene World,Scene World 10,"https://files.scene.org/get/mags/scene_world/swo-10.zip, https://files.scene.org/view/mags/scene_world/swo-10.zip",Commodore 64
Scene World,Scene World 11,"https://files.scene.org/get/mags/scene_world/swo-11.zip, https://files.scene.org/view/mags/scene_world/swo-11.zip",Commodore 64
Scene World,Scene World 12,"https://files.scene.org/get/mags/scene_world/swo-12.zip, https://files.scene.org/view/mags/scene_world/swo-12.zip",Commodore 64
Scene World,Scene World 13,"https://files.scene.org/get/mags/scene_world/swo-13.zip, https://files.scene.org/view/mags/scene_world/swo-13.zip",Commodore 64
Scene World,Scene World 14,"https://files.scene.org/get/mags/scene_world/swo-14.zip, https://files.scene.org/view/mags/scene_world/swo-14.zip",Commodore 64
Scene World,Scene World 15,"https://files.scene.org/get/mags/scene_world/swo-15.zip, https://files.scene.org/view/mags/scene_world/swo-15.zip",Commodore 64
Scene World,Scene World 16,"https://files.scene.org/get/mags/scene_world/swo-16.zip, https://files.scene.org/view/mags/scene_world/swo-16.zip",Commodore 64
Scene World,Scene World 17,"https://files.scene.org/get/mags/scene_world/swo-17.zip, https://files.scene.org/view/mags/scene_world/swo-17.zip",Commodore 64
Scene World,Scene World 18,"https://files.scene.org/get/mags/scene_world/swo-18.zip, https://files.scene.org/view/mags/scene_world/swo-18.zip",Commodore 64
Scene World,Scene World 19,"https://files.scene.org/get/mags/scene_world/swo-19.zip, https://files.scene.org/view/mags/scene_world/swo-19.zip",Commodore 64
Scene World,Scene World 2,"https://files.scene.org/get/mags/scene_world/swo_02.zip, https://files.scene.org/view/mags/scene_world/swo_02.zip",Commodore 64
Scene World,Scene World 20,"https://files.scene.org/get/mags/scene_world/swo-20.zip, https://files.scene.org/view/mags/scene_world/swo-20.zip",Commodore 64
Scene World,Scene World 21,"https://files.scene.org/get/mags/scene_world/swo-21.zip, https://files.scene.org/view/mags/scene_world/swo-21.zip",Commodore 64
Scene World,Scene World 22,"https://files.scene.org/get/mags/scene_world/swo-22.zip, https://files.scene.org/view/mags/scene_world/swo-22.zip",Commodore 64
Scene World,Scene World 23,"https://files.scene.org/get/mags/scene_world/swo-23.zip, https://files.scene.org/view/mags/scene_world/swo-23.zip",Commodore 64
Scene World,Scene World 24,"https://files.scene.org/get/mags/scene_world/swo-24.zip, https://files.scene.org/view/mags/scene_world/swo-24.zip",Commodore 64
Scene World,Scene World 25,"https://files.scene.org/get/mags/scene_world/swo-25.zip, https://files.scene.org/view/mags/scene_world/swo-25.zip",Commodore 64
Scene World,Scene World 26,"https://files.scene.org/get/mags/scene_world/swo-26.zip, https://files.scene.org/view/mags/scene_world/swo-26.zip",Commodore 64
Scene World,Scene World 3,"https://files.scene.org/get/mags/scene_world/swo_03.zip, https://files.scene.org/view/mags/scene_world/swo_03.zip",Commodore 64
Scene World,Scene World 4,"https://files.scene.org/get/mags/scene_world/swo_04.zip, https://files.scene.org/view/mags/scene_world/swo_04.zip",Commodore 64
Scene World,Scene World 5,"https://files.scene.org/get/mags/scene_world/swo_05.zip, https://files.scene.org/view/mags/scene_world/swo_05.zip",Commodore 64
Scene World,Scene World 6,"https://files.scene.org/get/mags/scene_world/swo_06.zip, https://files.scene.org/view/mags/scene_world/swo_06.zip",Commodore 64
Scene World,Scene World 7,"https://files.scene.org/get/mags/scene_world/swo_07.zip, https://files.scene.org/view/mags/scene_world/swo_07.zip",Commodore 64
Scene World,Scene World 8,"https://files.scene.org/get/mags/scene_world/swo_08.zip, https://files.scene.org/view/mags/scene_world/swo_08.zip",Commodore 64
Scene World,Scene World 9,"https://files.scene.org/get/mags/scene_world/swo_09.zip, https://files.scene.org/view/mags/scene_world/swo_09.zip",Commodore 64
Super Dimensions,Super Dimensions 15 (german),http://csdb.dk/getinternalfile.php/212699/sd15.zip,Commodore 64
"Tiger-Disk, Tiger Disk",Three Years Tiger-Disk,http://csdb.dk/getinternalfile.php/76245/tigerdisk_3years.zip,Commodore 64
"Tiger-Disk, Tiger Disk",Tiger Disk #01,http://noname.c64.org/csdb/release/download.php?id=58679,Commodore 64
"Tiger-Disk, Tiger Disk",Tiger Disk #02,http://noname.c64.org/csdb/release/download.php?id=58678,Commodore 64
"Tiger-Disk, Tiger Disk",Tiger Disk #03,http://csdb.dk/getinternalfile.php/73458/Tiger_Disk_003.zip,Commodore 64
"Tiger-Disk, Tiger Disk",tiger disk #98,http://csdb.dk/release/download.php?id=100905,Commodore 64
"Tiger-Disk, Tiger Disk",Tiger-Disk #1,"ftp://ftp.scs-trc.net/pub/c64/Magazines/Tiger_Disk/Tiger_Disk_001.zip, http://csdb.dk/getinternalfile.php/69973/Tiger_Disk_001.zip",Commodore 64
"Tiger-Disk, Tiger Disk",Tiger-Disk #10,http://csdb.dk/getinternalfile.php/76130/td010.zip,Commodore 64
"Tiger-Disk, Tiger Disk",Tiger-Disk #100,http://csdb.dk/getinternalfile.php/76098/td100.zip,Commodore 64
"Tiger-Disk, Tiger Disk",Tiger-Disk #101,http://csdb.dk/getinternalfile.php/76099/td101.zip,Commodore 64
"Tiger-Disk, Tiger Disk",Tiger-Disk #102,http://csdb.dk/getinternalfile.php/76100/td102.zip,Commodore 64
"Tiger-Disk, Tiger Disk",Tiger-Disk #103,http://csdb.dk/getinternalfile.php/145942/tigerdisk103.zip,Commodore 64
"Tiger-Disk, Tiger Disk",Tiger-Disk #104,http://csdb.dk/getinternalfile.php/76102/td104.zip,Commodore 64
"Tiger-Disk, Tiger Disk",Tiger-Disk #105,http://csdb.dk/getinternalfile.php/76103/td105.zip,Commodore 64
"Tiger-Disk, Tiger Disk",Tiger-Disk #106,http://csdb.dk/getinternalfile.php/76104/td106.zip,Commodore 64
"Tiger-Disk, Tiger Disk",Tiger-Disk #107,http://csdb.dk/getinternalfile.php/54103/TD107.ZIP,Commodore 64
"Tiger-Disk, Tiger Disk",Tiger-Disk #108,http://csdb.dk/getinternalfile.php/54102/TD108.ZIP,Commodore 64
"Tiger-Disk, Tiger Disk",Tiger-Disk #109,http://csdb.dk/getinternalfile.php/69381/td109.zip,Commodore 64
"Tiger-Disk, Tiger Disk",Tiger-Disk #11,http://csdb.dk/getinternalfile.php/76286/td11.zip,Commodore 64
"Tiger-Disk, Tiger Disk",Tiger-Disk #110,http://csdb.dk/getinternalfile.php/76248/td110.zip,Commodore 64
"Tiger-Disk, Tiger Disk",Tiger-Disk #111,http://csdb.dk/getinternalfile.php/76249/td111.zip,Commodore 64
"Tiger-Disk, Tiger Disk",Tiger-Disk #112,http://csdb.dk/getinternalfile.php/76250/td112.zip,Commodore 64
"Tiger-Disk, Tiger Disk",Tiger-Disk #113,http://csdb.dk/getinternalfile.php/76251/td113.zip,Commodore 64
"Tiger-Disk, Tiger Disk",Tiger-Disk #114,http://csdb.dk/getinternalfile.php/76252/td114.zip,Commodore 64
"Tiger-Disk, Tiger Disk",Tiger-Disk #115,http://csdb.dk/getinternalfile.php/76253/td115.zip,Commodore 64
"Tiger-Disk, Tiger Disk",Tiger-Disk #116,http://csdb.dk/getinternalfile.php/76254/td116.zip,Commodore 64
"Tiger-Disk, Tiger Disk",Tiger-Disk #117,http://csdb.dk/getinternalfile.php/76255/td117.zip,Commodore 64
"Tiger-Disk, Tiger Disk",Tiger-Disk #118,http://csdb.dk/getinternalfile.php/76256/td118.zip,Commodore 64
"Tiger-Disk, Tiger Disk",Tiger-Disk #119,http://csdb.dk/getinternalfile.php/76257/td119.zip,Commodore 64
"Tiger-Disk, Tiger Disk",Tiger-Disk #12,http://csdb.dk/getinternalfile.php/76132/td012.zip,Commodore 64
"Tiger-Disk, Tiger Disk",Tiger-Disk #120,http://csdb.dk/getinternalfile.php/76258/td120.zip,Commodore 64
"Tiger-Disk, Tiger Disk",Tiger-Disk #121,http://csdb.dk/getinternalfile.php/76259/td121.zip,Commodore 64
"Tiger-Disk, Tiger Disk",Tiger-Disk #122,http://csdb.dk/getinternalfile.php/76260/td122.zip,Commodore 64
"Tiger-Disk, Tiger Disk",Tiger-Disk #123,http://csdb.dk/getinternalfile.php/76262/td123.zip,Commodore 64
"Tiger-Disk, Tiger Disk",Tiger-Disk #124,http://csdb.dk/getinternalfile.php/76263/td124.zip,Commodore 64
"Tiger-Disk, Tiger Disk",Tiger-Disk #125,http://csdb.dk/getinternalfile.php/76287/td125.ZIP,Commodore 64
"Tiger-Disk, Tiger Disk",Tiger-Disk #126,http://csdb.dk/getinternalfile.php/76264/td126.zip,Commodore 64
"Tiger-Disk, Tiger Disk",Tiger-Disk #127,http://csdb.dk/getinternalfile.php/76265/td127.zip,Commodore 64
"Tiger-Disk, Tiger Disk",Tiger-Disk #128,http://csdb.dk/getinternalfile.php/76267/td128.zip,Commodore 64
"Tiger-Disk, Tiger Disk",Tiger-Disk #129,http://csdb.dk/getinternalfile.php/76268/td129.zip,Commodore 64
"Tiger-Disk, Tiger Disk",Tiger-Disk #13,http://csdb.dk/getinternalfile.php/76133/td013.zip,Commodore 64
"Tiger-Disk, Tiger Disk",Tiger-Disk #130,http://csdb.dk/getinternalfile.php/13931/dt130.zip,Commodore 64
"Tiger-Disk, Tiger Disk",Tiger-Disk #131,http://csdb.dk/getinternalfile.php/13932/dt131.zip,Commodore 64
"Tiger-Disk, Tiger Disk",Tiger-Disk #132,http://csdb.dk/getinternalfile.php/76269/td132.zip,Commodore 64
"Tiger-Disk, Tiger Disk",Tiger-Disk #133,http://csdb.dk/getinternalfile.php/76270/td133.zip,Commodore 64
"Tiger-Disk, Tiger Disk",Tiger-Disk #134,http://csdb.dk/getinternalfile.php/76271/td134.zip,Commodore 64
"Tiger-Disk, Tiger Disk",Tiger-Disk #135,http://csdb.dk/getinternalfile.php/54155/tigerdisk135.zip,Commodore 64
"Tiger-Disk, Tiger Disk",Tiger-Disk #136,http://csdb.dk/getinternalfile.php/54154/tigerdisk136.zip,Commodore 64
"Tiger-Disk, Tiger Disk",Tiger-Disk #137,http://csdb.dk/getinternalfile.php/54153/tigerdisk137.zip,Commodore 64
"Tiger-Disk, Tiger Disk",Tiger-Disk #138,http://csdb.dk/getinternalfile.php/54151/tigerdisk138.zip,Commodore 64
"Tiger-Disk, Tiger Disk",Tiger-Disk #139,http://csdb.dk/getinternalfile.php/8541/td139.zip,Commodore 64
"Tiger-Disk, Tiger Disk",Tiger-Disk #14,http://csdb.dk/getinternalfile.php/76134/td014.zip,Commodore 64
"Tiger-Disk, Tiger Disk",Tiger-Disk #140,http://csdb.dk/getinternalfile.php/13933/td140.zip,Commodore 64
"Tiger-Disk, Tiger Disk",Tiger-Disk #141,http://csdb.dk/getinternalfile.php/54147/tigerdisk141.zip,Commodore 64
"Tiger-Disk, Tiger Disk",Tiger-Disk #142,http://csdb.dk/getinternalfile.php/54148/tigerdisk142.zip,Commodore 64
"Tiger-Disk, Tiger Disk",Tiger-Disk #143,http://csdb.dk/getinternalfile.php/54149/tigerdisk143.zip,Commodore 64
"Tiger-Disk, Tiger Disk",Tiger-Disk #144,http://csdb.dk/getinternalfile.php/54150/tigerdisk144.zip,Commodore 64
"Tiger-Disk, Tiger Disk",Tiger-Disk #15,http://csdb.dk/getinternalfile.php/76135/td015.zip,Commodore 64
"Tiger-Disk, Tiger Disk",Tiger-Disk #156,http://csdb.dk/getinternalfile.php/76272/td156.zip,Commodore 64
"Tiger-Disk, Tiger Disk",Tiger-Disk #157,http://csdb.dk/getinternalfile.php/76273/td157.zip,Commodore 64
"Tiger-Disk, Tiger Disk",Tiger-Disk #158,http://csdb.dk/getinternalfile.php/76274/td158.zip,Commodore 64
"Tiger-Disk, Tiger Disk",Tiger-Disk #159,http://csdb.dk/getinternalfile.php/76275/td159.zip,Commodore 64
"Tiger-Disk, Tiger Disk",Tiger-Disk #16,http://csdb.dk/getinternalfile.php/76136/td016.zip,Commodore 64
"Tiger-Disk, Tiger Disk",Tiger-Disk #160,http://csdb.dk/getinternalfile.php/76277/td160.zip,Commodore 64
"Tiger-Disk, Tiger Disk",Tiger-Disk #161,http://csdb.dk/getinternalfile.php/76278/td161.zip,Commodore 64
"Tiger-Disk, Tiger Disk",Tiger-Disk #162,http://csdb.dk/getinternalfile.php/76279/td162.zip,Commodore 64
"Tiger-Disk, Tiger Disk",Tiger-Disk #163,http://csdb.dk/getinternalfile.php/76280/td163.zip,Commodore 64
"Tiger-Disk, Tiger Disk",Tiger-Disk #164,http://csdb.dk/getinternalfile.php/76281/td164.zip,Commodore 64
"Tiger-Disk, Tiger Disk",Tiger-Disk #165,http://csdb.dk/getinternalfile.php/76149/td165.zip,Commodore 64
"Tiger-Disk, Tiger Disk",Tiger-Disk #166,http://csdb.dk/getinternalfile.php/76282/td166.zip,Commodore 64
"Tiger-Disk, Tiger Disk",Tiger-Disk #167,http://csdb.dk/getinternalfile.php/76283/td167.zip,Commodore 64
"Tiger-Disk, Tiger Disk",Tiger-Disk #168,http://csdb.dk/getinternalfile.php/76285/td168.zip,Commodore 64
"Tiger-Disk, Tiger Disk",Tiger-Disk #169,http://csdb.dk/getinternalfile.php/85731/169.rar,Commodore 64
"Tiger-Disk, Tiger Disk",Tiger-Disk #17,http://csdb.dk/getinternalfile.php/76137/td017.zip,Commodore 64
"Tiger-Disk, Tiger Disk",Tiger-Disk #170,http://csdb.dk/getinternalfile.php/90741/170.rar,Commodore 64
"Tiger-Disk, Tiger Disk",Tiger-Disk #171,http://csdb.dk/getinternalfile.php/95114/Tiger-Disk_171.rar,Commodore 64
"Tiger-Disk, Tiger Disk",Tiger-disk #171,http://noname.c64.org/csdb/release/?id=97680,Commodore 64
"Tiger-Disk, Tiger Disk",Tiger-Disk #18,http://csdb.dk/getinternalfile.php/76138/td018.zip,Commodore 64
"Tiger-Disk, Tiger Disk",Tiger-Disk #19,http://csdb.dk/getinternalfile.php/76139/td019.zip,Commodore 64
"Tiger-Disk, Tiger Disk",Tiger-Disk #2,"ftp://ftp.scs-trc.net/pub/c64/Magazines/Tiger_Disk/Tiger_Disk_002.zip, http://csdb.dk/getinternalfile.php/69643/Tiger_Disk_002.zip",Commodore 64
"Tiger-Disk, Tiger Disk",Tiger-Disk #20,http://csdb.dk/getinternalfile.php/76140/td020.zip,Commodore 64
"Tiger-Disk, Tiger Disk",Tiger-Disk #21,"http://csdb.dk/getinternalfile.php/76059/td21.zip, https://csdb.dk/getinternalfile.php/222562/td021_tsi.zip",Commodore 64
"Tiger-Disk, Tiger Disk",Tiger-Disk #22,http://csdb.dk/getinternalfile.php/76141/td022.zip,Commodore 64
"Tiger-Disk, Tiger Disk",Tiger-Disk #23,http://csdb.dk/getinternalfile.php/76142/td023.zip,Commodore 64
"Tiger-Disk, Tiger Disk",Tiger-Disk #24,http://csdb.dk/getinternalfile.php/76143/td024.zip,Commodore 64
"Tiger-Disk, Tiger Disk",Tiger-Disk #25,http://csdb.dk/getinternalfile.php/76144/td025.zip,Commodore 64
"Tiger-Disk, Tiger Disk",Tiger-Disk #26,http://csdb.dk/getinternalfile.php/76145/td026.zip,Commodore 64
"Tiger-Disk, Tiger Disk",Tiger-Disk #27,http://csdb.dk/getinternalfile.php/76058/td27.zip,Commodore 64
"Tiger-Disk, Tiger Disk",Tiger-Disk #28,"http://csdb.dk/getinternalfile.php/76146/td028.zip, http://csdb.dk/getinternalfile.php/173021/tigerdisk28.zip",Commodore 64
"Tiger-Disk, Tiger Disk",Tiger-Disk #29,http://csdb.dk/getinternalfile.php/24824/tigerdisk29.zip,Commodore 64
"Tiger-Disk, Tiger Disk",Tiger-Disk #3,"ftp://ftp.scs-trc.net/pub/c64/Magazines/Tiger_Disk/Tiger_Disk_003.zip, http://csdb.dk/getinternalfile.php/73458/Tiger_Disk_003.zip",Commodore 64
"Tiger-Disk, Tiger Disk",Tiger-Disk #30,"http://csdb.dk/getinternalfile.php/7212/td30a.d64, http://csdb.dk/getinternalfile.php/100317/TD-030_full.zip",Commodore 64
"Tiger-Disk, Tiger Disk",Tiger-Disk #31,http://csdb.dk/getinternalfile.php/24825/tigerdisk31.zip,Commodore 64
"Tiger-Disk, Tiger Disk",Tiger-Disk #32,http://csdb.dk/getinternalfile.php/24826/tigerdisk32.zip,Commodore 64
"Tiger-Disk, Tiger Disk",Tiger-Disk #33,http://csdb.dk/getinternalfile.php/24827/tigerdisk33.zip,Commodore 64
"Tiger-Disk, Tiger Disk",Tiger-Disk #34,http://csdb.dk/getinternalfile.php/40847/td34.zip,Commodore 64
"Tiger-Disk, Tiger Disk",Tiger-Disk #35,http://csdb.dk/getinternalfile.php/40848/td35.zip,Commodore 64
"Tiger-Disk, Tiger Disk",Tiger-Disk #36,http://csdb.dk/getinternalfile.php/40862/td36.zip,Commodore 64
"Tiger-Disk, Tiger Disk",Tiger-Disk #37,http://csdb.dk/getinternalfile.php/40863/td37.zip,Commodore 64
"Tiger-Disk, Tiger Disk",Tiger-Disk #38,http://csdb.dk/getinternalfile.php/40864/td38.zip,Commodore 64
"Tiger-Disk, Tiger Disk",Tiger-Disk #39,http://csdb.dk/getinternalfile.php/40865/td39.zip,Commodore 64
"Tiger-Disk, Tiger Disk",Tiger-Disk #4,http://csdb.dk/getinternalfile.php/54156/tigerdisk04.zip,Commodore 64
"Tiger-Disk, Tiger Disk",Tiger-Disk #40,http://csdb.dk/getinternalfile.php/40866/td40.zip,Commodore 64
"Tiger-Disk, Tiger Disk",Tiger-Disk #41,http://csdb.dk/getinternalfile.php/40867/td41.zip,Commodore 64
"Tiger-Disk, Tiger Disk",Tiger-Disk #42,http://csdb.dk/getinternalfile.php/40868/td42.zip,Commodore 64
"Tiger-Disk, Tiger Disk",Tiger-Disk #43,http://csdb.dk/getinternalfile.php/69644/Tiger_Disk_043.zip,Commodore 64
"Tiger-Disk, Tiger Disk",Tiger-Disk #44,http://csdb.dk/getinternalfile.php/73461/td044.zip,Commodore 64
"Tiger-Disk, Tiger Disk",Tiger-Disk #45,http://csdb.dk/getinternalfile.php/75944/td45.zip,Commodore 64
"Tiger-Disk, Tiger Disk",Tiger-Disk #46,http://csdb.dk/getinternalfile.php/75946/td46.zip,Commodore 64
"Tiger-Disk, Tiger Disk",Tiger-Disk #47,"http://csdb.dk/getinternalfile.php/75947/td47.zip, http://csdb.dk/getinternalfile.php/100319/TD-047_full.zip",Commodore 64
"Tiger-Disk, Tiger Disk",Tiger-Disk #48,http://csdb.dk/getinternalfile.php/75948/td48.zip,Commodore 64
"Tiger-Disk, Tiger Disk",Tiger-Disk #49,http://csdb.dk/getinternalfile.php/54100/td49.zip,Commodore 64
"Tiger-Disk, Tiger Disk",Tiger-Disk #5,http://csdb.dk/getinternalfile.php/76126/td005.zip,Commodore 64
"Tiger-Disk, Tiger Disk",Tiger-Disk #50,http://csdb.dk/getinternalfile.php/75949/td50.zip,Commodore 64
"Tiger-Disk, Tiger Disk",Tiger-Disk #51,http://csdb.dk/getinternalfile.php/40850/td51.zip,Commodore 64
"Tiger-Disk, Tiger Disk",Tiger-Disk #52,http://csdb.dk/getinternalfile.php/40849/td52.zip,Commodore 64
"Tiger-Disk, Tiger Disk",Tiger-Disk #53,http://csdb.dk/getinternalfile.php/39622/tiger_disk_53.zip,Commodore 64
"Tiger-Disk, Tiger Disk",Tiger-Disk #54,http://csdb.dk/getinternalfile.php/24823/tigerdisk54.zip,Commodore 64
"Tiger-Disk, Tiger Disk",Tiger-Disk #55,http://csdb.dk/getinternalfile.php/76060/td55.zip,Commodore 64
"Tiger-Disk, Tiger Disk",Tiger-Disk #56,http://csdb.dk/getinternalfile.php/76066/td56.zip,Commodore 64
"Tiger-Disk, Tiger Disk",Tiger-Disk #57,http://csdb.dk/getinternalfile.php/76067/td57.zip,Commodore 64
"Tiger-Disk, Tiger Disk",Tiger-Disk #58,"http://csdb.dk/getinternalfile.php/76068/td58.zip, http://csdb.dk/getinternalfile.php/100320/TD-058_full.zip",Commodore 64
"Tiger-Disk, Tiger Disk",Tiger-Disk #59,http://csdb.dk/getinternalfile.php/76069/td59.zip,Commodore 64
"Tiger-Disk, Tiger Disk",Tiger-Disk #6,http://csdb.dk/getinternalfile.php/76127/td006.zip,Commodore 64
"Tiger-Disk, Tiger Disk",Tiger-Disk #60,http://csdb.dk/getinternalfile.php/76070/td60.zip,Commodore 64
"Tiger-Disk, Tiger Disk",Tiger-Disk #61,http://csdb.dk/getinternalfile.php/76071/td61.zip,Commodore 64
"Tiger-Disk, Tiger Disk",Tiger-Disk #62,http://csdb.dk/getinternalfile.php/76072/td62.zip,Commodore 64
"Tiger-Disk, Tiger Disk",Tiger-Disk #63,http://csdb.dk/getinternalfile.php/76073/td63.zip,Commodore 64
"Tiger-Disk, Tiger Disk",Tiger-Disk #64,http://csdb.dk/getinternalfile.php/76074/td64.zip,Commodore 64
"Tiger-Disk, Tiger Disk",Tiger-Disk #65,"http://csdb.dk/getinternalfile.php/76075/td65.zip, http://csdb.dk/getinternalfile.php/100436/TD-065_full.zip",Commodore 64
"Tiger-Disk, Tiger Disk",Tiger-Disk #66,http://csdb.dk/getinternalfile.php/76076/td66.zip,Commodore 64
"Tiger-Disk, Tiger Disk",Tiger-Disk #67,http://csdb.dk/getinternalfile.php/76077/td67.zip,Commodore 64
"Tiger-Disk, Tiger Disk",Tiger-Disk #68,http://csdb.dk/getinternalfile.php/76078/td68.zip,Commodore 64
"Tiger-Disk, Tiger Disk",Tiger-Disk #69,http://csdb.dk/getinternalfile.php/76108/td069.zip,Commodore 64
"Tiger-Disk, Tiger Disk",Tiger-Disk #7,http://csdb.dk/getinternalfile.php/76128/td007.zip,Commodore 64
"Tiger-Disk, Tiger Disk",Tiger-Disk #70,http://csdb.dk/getinternalfile.php/76109/td070.zip,Commodore 64
"Tiger-Disk, Tiger Disk",Tiger-Disk #71,http://csdb.dk/getinternalfile.php/100437/TD-071.zip,Commodore 64
"Tiger-Disk, Tiger Disk",Tiger-Disk #72,http://csdb.dk/getinternalfile.php/76112/td072.zip,Commodore 64
"Tiger-Disk, Tiger Disk",Tiger-Disk #73,http://csdb.dk/getinternalfile.php/76113/td073.zip,Commodore 64
"Tiger-Disk, Tiger Disk",Tiger-Disk #74,http://csdb.dk/getinternalfile.php/76114/td074.zip,Commodore 64
"Tiger-Disk, Tiger Disk",Tiger-Disk #75,http://csdb.dk/getinternalfile.php/76115/td075.zip,Commodore 64
"Tiger-Disk, Tiger Disk",Tiger-Disk #76,http://csdb.dk/getinternalfile.php/76117/td076.zip,Commodore 64
"Tiger-Disk, Tiger Disk",Tiger-Disk #77,http://csdb.dk/getinternalfile.php/76118/td077.zip,Commodore 64
"Tiger-Disk, Tiger Disk",Tiger-Disk #78,http://csdb.dk/getinternalfile.php/76119/td078.zip,Commodore 64
"Tiger-Disk, Tiger Disk",Tiger-Disk #79,http://csdb.dk/getinternalfile.php/76120/td079.zip,Commodore 64
"Tiger-Disk, Tiger Disk",Tiger-Disk #8,http://csdb.dk/getinternalfile.php/76129/td008.zip,Commodore 64
"Tiger-Disk, Tiger Disk",Tiger-Disk #80,http://csdb.dk/getinternalfile.php/76079/td80.zip,Commodore 64
"Tiger-Disk, Tiger Disk",Tiger-Disk #81,http://csdb.dk/getinternalfile.php/76080/td81.zip,Commodore 64
"Tiger-Disk, Tiger Disk",Tiger-Disk #82,http://csdb.dk/getinternalfile.php/76081/td82.zip,Commodore 64
"Tiger-Disk, Tiger Disk",Tiger-Disk #83,http://csdb.dk/getinternalfile.php/76082/td83.zip,Commodore 64
"Tiger-Disk, Tiger Disk",Tiger-Disk #84,http://csdb.dk/getinternalfile.php/76083/td84.zip,Commodore 64
"Tiger-Disk, Tiger Disk",Tiger-Disk #85,http://csdb.dk/getinternalfile.php/76084/td85.zip,Commodore 64
"Tiger-Disk, Tiger Disk",Tiger-Disk #86,http://csdb.dk/getinternalfile.php/76085/td86.zip,Commodore 64
"Tiger-Disk, Tiger Disk",Tiger-Disk #87,http://csdb.dk/getinternalfile.php/76086/td87.zip,Commodore 64
"Tiger-Disk, Tiger Disk",Tiger-Disk #88,http://csdb.dk/getinternalfile.php/76087/td88.zip,Commodore 64
"Tiger-Disk, Tiger Disk",Tiger-Disk #89,http://csdb.dk/getinternalfile.php/76088/td89.zip,Commodore 64
"Tiger-Disk, Tiger Disk",Tiger-Disk #9,http://csdb.dk/getinternalfile.php/76131/td009.zip,Commodore 64
"Tiger-Disk, Tiger Disk",Tiger-Disk #90,http://csdb.dk/getinternalfile.php/76089/td90.zip,Commodore 64
"Tiger-Disk, Tiger Disk",Tiger-Disk #91,http://csdb.dk/getinternalfile.php/76090/td91.zip,Commodore 64
"Tiger-Disk, Tiger Disk",Tiger-Disk #92,http://csdb.dk/getinternalfile.php/76092/td92.zip,Commodore 64
"Tiger-Disk, Tiger Disk",Tiger-Disk #93,http://csdb.dk/getinternalfile.php/204934/td93.zip,Commodore 64
"Tiger-Disk, Tiger Disk",Tiger-Disk #94,http://csdb.dk/getinternalfile.php/76107/td094.zip,Commodore 64
"Tiger-Disk, Tiger Disk",Tiger-Disk #95,http://csdb.dk/getinternalfile.php/76093/td95.zip,Commodore 64
"Tiger-Disk, Tiger Disk",Tiger-Disk #96,http://csdb.dk/getinternalfile.php/76094/td96.zip,Commodore 64
"Tiger-Disk, Tiger Disk",Tiger-Disk #97,http://csdb.dk/getinternalfile.php/76095/td97.zip,Commodore 64
"Tiger-Disk, Tiger Disk",Tiger-Disk #98,http://csdb.dk/getinternalfile.php/76096/td98.zip,Commodore 64
"Tiger-Disk, Tiger Disk",Tiger-Disk #99,http://csdb.dk/getinternalfile.php/76097/td99.zip,Commodore 64
"Tiger-Disk, Tiger Disk",Tiger-Disk Best 2,http://csdb.dk/getinternalfile.php/76105/td_best2.zip,Commodore 64
"Tiger-Disk, Tiger Disk",Tiger-Disk English #01,http://csdb.dk/getinternalfile.php/76288/tigerdisk01-english.zip,Commodore 64
"Tiger-Disk, Tiger Disk",Tiger-Disk English #02,http://csdb.dk/getinternalfile.php/76289/tigerdisk02-english.zip,Commodore 64
"Tiger-Disk, Tiger Disk",Two Years Tiger-Disk,http://csdb.dk/getinternalfile.php/76244/tigerdisk_2years.zip,Commodore 64
"X-Dome, X Dome",X-Dome #1,"ftp://ftp.scs-trc.net/pub/c64/Magazines/X_Dome/X-Dome_01.zip, http://csdb.dk/getinternalfile.php/61680/X-Dome_01.zip",Commodore 64
"X-Dome, X Dome",X-Dome #2,http://csdb.dk/getinternalfile.php/62040/x-dome2.zip,Commodore 64
"X-Dome, X Dome",X-Dome #3,http://csdb.dk/getinternalfile.php/92418/X-Dome_03.zip,Commodore 64
"X-Dome, X Dome",X-Dome #4,http://csdb.dk/getinternalfile.php/62043/x-dome4.zip,Commodore 64
"X-Dome, X Dome",X-Dome #5,"ftp://ftp.scs-trc.net/pub/c64/Magazines/X_Dome/X-Dome_05.zip, http://csdb.dk/getinternalfile.php/62042/X-Dome_05.zip",Commodore 64
"X-Dome, X Dome",X-Dome #6,http://csdb.dk/getinternalfile.php/62342/x-dome6.zip,Commodore 64
"X-Dome, X Dome",X-Dome #7,"ftp://ftp.scs-trc.net/pub/c64/Magazines/X_Dome/X-Dome_07.zip, http://csdb.dk/getinternalfile.php/65951/X-Dome_07.zip",Commodore 64
"X-Dome, X Dome",X-Dome #8,http://csdb.dk/getinternalfile.php/63616/x-dome8.zip,Commodore 64
"X-Dome, X Dome",X-Dome #9,http://csdb.dk/getinternalfile.php/62551/x-dome9.zip,Commodore 64
