title,issue,files,urls,system
Action News,Action News #1,actionnews01.zip,http://csdb.dk/getinternalfile.php/18810/actionnews01.zip,Commodore 64
Action News,Action News #2,actionnews02.zip,http://csdb.dk/getinternalfile.php/16456/actionnews02.zip,Commodore 64
Action News,Action News #3,actionnews03.zip,http://csdb.dk/getinternalfile.php/16457/actionnews03.zip,Commodore 64
Action News,Action News #4,actionnews04.zip,http://csdb.dk/getinternalfile.php/16458/actionnews04.zip,Commodore 64
Action News,Action News #5,actionnews05.zip,http://csdb.dk/getinternalfile.php/130219/Action_News_05.zip,Commodore 64
Action News,Action News #6,actionnews06.zip,http://csdb.dk/getinternalfile.php/48404/actionnews06.zip,Commodore 64
Action News,Action News #8,actionnews08.zip,http://csdb.dk/getinternalfile.php/16460/actionnews08.zip,Commodore 64
Action News,Action News #9,actionnews09sphericaldesigns.zip,http://csdb.dk/getinternalfile.php/130218/Action_News_09-Spherical_Designs.zip,Commodore 64
Action News,Action News 1,actionnews01.zip,https://files.scene.org/get/mags/action-news/action_news_01.zip,Commodore 64
Action News,Action News 2,actionnews02.zip,https://files.scene.org/get/mags/action-news/action_news_02.zip,Commodore 64
Action News,Action News 3,actionnews03.zip,https://files.scene.org/get/mags/action-news/action_news_03.zip,Commodore 64
Action News,Action News 4,actionnews04.zip,https://files.scene.org/get/mags/action-news/action_news_04.zip,Commodore 64
Action News,Action News 5,actionnews05.zip,https://files.scene.org/get/mags/action-news/action_news_05.zip,Commodore 64
Action News,Action News 6,actionnews06.zip,https://files.scene.org/get/mags/action-news/action_news_06.zip,Commodore 64
Action News,Action News 8,actionnews08.zip,https://files.scene.org/get/mags/action-news/action_news_08.zip,Commodore 64
Action News,Action News 9,actionnews09.zip,https://files.scene.org/get/mags/action-news/action_news_09.zip,Commodore 64
Bioblech,Bioblech #1,bioblech01.zip,http://csdb.dk/getinternalfile.php/61869/Bioblech_01.zip,Commodore 64
Bioblech,Bioblech #2,bioblech02.zip,http://csdb.dk/getinternalfile.php/61870/Bioblech_02.zip,Commodore 64
Bioblech,Bioblech #3,bioblech03.zip,http://csdb.dk/getinternalfile.php/46780/bioblech03.zip,Commodore 64
Biometal,Biometal 1,biometal01.zip,http://csdb.dk/getinternalfile.php/61988/biometal01.zip,Commodore 64
Biometal,Biometal 2,biometal02.zip,http://csdb.dk/getinternalfile.php/35050/biometal02.zip,Commodore 64
Biometal,Biometal 3,biometal03.zip,http://csdb.dk/getinternalfile.php/61867/biometal03.zip,Commodore 64
Biometal,Biometal 4,biometal04.zip,http://csdb.dk/getinternalfile.php/61868/biometal04.zip,Commodore 64
Copy News,Copy News 5 (german),cn5.zip,https://csdb.dk/getinternalfile.php/239853/CN5.zip,Commodore 64
Dark Star,Dark Star #13,darkstar13.zip,http://csdb.dk/getinternalfile.php/2976/DarkStar13.zip,Commodore 64
Digital News,Digital News - February 88,digitalnews8802.zip,http://csdb.dk/getinternalfile.php/44298/Digital_News_88_02.zip,Commodore 64
Digital Talk,Digital Talk #01,download.php?id=8442,,Commodore 64
Digital Talk,Digital Talk #01 (german),dt01.zip,http://csdb.dk/getinternalfile.php/85328/dt01.zip,Commodore 64
Digital Talk,Digital Talk #01 - English Edition,digitaltalk01.zip,http://csdb.dk/getinternalfile.php/64259/DigitalTalk_01.zip,Commodore 64
Digital Talk,Digital Talk #02,digitaltalk02.lzh,https://files.scene.org/view/mirrors/padua/Magazines/digital_talk/DigitalTalk02.lzh,Commodore 64
Digital Talk,Digital Talk #02 (german),dt02.zip,http://csdb.dk/getinternalfile.php/64260/dt02.zip,Commodore 64
Digital Talk,Digital Talk #03,003.zip,http://csdb.dk/getinternalfile.php/64261/003.zip,Commodore 64
Digital Talk,Digital Talk #03 (german),003.zip,http://csdb.dk/getinternalfile.php/64261/003.zip,Commodore 64
Digital Talk,Digital Talk #04 (german),digitaltalk04.zip,http://csdb.dk/getinternalfile.php/885/digitaltalk04.zip,Commodore 64
Digital Talk,Digital Talk #05 (german),digitaltalk05.zip,http://csdb.dk/getinternalfile.php/886/digitaltalk05.zip,Commodore 64
Digital Talk,Digital Talk #06,download.php?id=8986,,Commodore 64
Digital Talk,Digital Talk #06 (german),digitaltalk06.zip,http://csdb.dk/getinternalfile.php/887/digitaltalk06.zip,Commodore 64
Digital Talk,Digital Talk #07,download.php?id=8987,,Commodore 64
Digital Talk,Digital Talk #07 (german),digitaltalk07.zip,http://csdb.dk/getinternalfile.php/888/digitaltalk07.zip,Commodore 64
Digital Talk,Digital Talk #08,download.php?id=8988,,Commodore 64
Digital Talk,Digital Talk #08 (german),dt08.zip,http://csdb.dk/getinternalfile.php/62095/dt08.zip,Commodore 64
Digital Talk,Digital Talk #09+10 (german),dt09.zip,http://csdb.dk/getinternalfile.php/62215/dt09.zip,Commodore 64
Digital Talk,Digital Talk #100 (german),"dt100heft.pdf, dt100.zip","http://csdb.dk/getinternalfile.php/160572/DT100.zip, http://csdb.dk/getinternalfile.php/160573/Dt100Heft.pdf",Commodore 64
Digital Talk,Digital Talk #101 (german),dt101.zip,http://csdb.dk/getinternalfile.php/163389/DT101.zip,Commodore 64
Digital Talk,Digital Talk #102 (german),dt102.zip,http://csdb.dk/getinternalfile.php/166957/DT102.zip,Commodore 64
Digital Talk,Digital Talk #103 (german),dt103.zip,http://csdb.dk/getinternalfile.php/171187/DT103.zip,Commodore 64
Digital Talk,Digital Talk #104 (german),dt104.zip,http://csdb.dk/getinternalfile.php/176795/DT104.zip,Commodore 64
Digital Talk,Digital Talk #105 (german),"dt105.zip, dt105heft.pdf","http://csdb.dk/getinternalfile.php/181979/DT105.zip, http://csdb.dk/getinternalfile.php/181978/DT105Heft.pdf",Commodore 64
Digital Talk,Digital Talk #106 (german),dt106.zip,http://csdb.dk/getinternalfile.php/187912/DT106.zip,Commodore 64
Digital Talk,Digital Talk #107 (german),dt107.zip,http://csdb.dk/getinternalfile.php/192637/DT107.zip,Commodore 64
Digital Talk,Digital Talk #108 (german),dt108.zip,http://csdb.dk/getinternalfile.php/199532/DT108.zip,Commodore 64
Digital Talk,Digital Talk #109 (german),"109side2.d64, dt109innen.jpg, dt109folder.pdf, coverdt109.pdf, 109side1.d64","http://csdb.dk/getinternalfile.php/206901/109-side1.d64, http://csdb.dk/getinternalfile.php/206902/109-side2.d64, http://csdb.dk/getinternalfile.php/206903/DT#109 Folder.pdf, http://csdb.dk/getinternalfile.php/206904/dt109innen.jpg, http://csdb.dk/getinternalfile.php/206905/CoverDT109.pdf",Commodore 64
Digital Talk,Digital Talk #11,download.php?id=8879,,Commodore 64
Digital Talk,Digital Talk #11 (german),digitaltalk11.zip,http://csdb.dk/getinternalfile.php/64262/DigitalTalk_11.zip,Commodore 64
Digital Talk,Digital Talk #110 (german),digitaltalk110.zip,https://csdb.dk/getinternalfile.php/223097/DigitalTalk_110.zip,Commodore 64
Digital Talk,Digital Talk #111 (german),digitaltalk111.zip,https://csdb.dk/getinternalfile.php/229292/DigitalTalk111.zip,Commodore 64
Digital Talk,Digital Talk #112 (german),"digitaltalk112.zip, dt112a.d64, dt112b.d64","https://csdb.dk/getinternalfile.php/238425/DT112_A.d64, https://csdb.dk/getinternalfile.php/238426/DT112_B.d64, https://github.com/Digital-Talk/issues/raw/main/DigitalTalk112.zip",Commodore 64
Digital Talk,Digital Talk #12,download.php?id=8880,,Commodore 64
Digital Talk,Digital Talk #12 (german),digitaltalk12.zip,http://csdb.dk/getinternalfile.php/64263/DigitalTalk_12.zip,Commodore 64
Digital Talk,Digital Talk #13,digitaltalk13.zip,https://files.scene.org/view/mags/digital_talk/digitaltalk_13.zip,Commodore 64
Digital Talk,Digital Talk #13 (german),digitaltalk13.zip,http://csdb.dk/getinternalfile.php/64264/DigitalTalk_13.zip,Commodore 64
Digital Talk,Digital Talk #14,digitaltalk14.zip,https://files.scene.org/view/mags/digital_talk/digitaltalk_14.zip,Commodore 64
Digital Talk,Digital Talk #14 (german),digitaltalk14.zip,http://csdb.dk/getinternalfile.php/890/digitaltalk14.zip,Commodore 64
Digital Talk,Digital Talk #15,digitaltalk15.zip,https://files.scene.org/view/mags/digital_talk/digitaltalk_15.zip,Commodore 64
Digital Talk,Digital Talk #15 (german),digitaltalk15.zip,http://csdb.dk/getinternalfile.php/889/digitaltalk15.zip,Commodore 64
Digital Talk,Digital Talk #16,digitaltalk16.zip,https://files.scene.org/view/mags/digital_talk/digitaltalk_16.zip,Commodore 64
Digital Talk,Digital Talk #16 (german),digitaltalk16.zip,http://csdb.dk/getinternalfile.php/891/digitaltalk16.zip,Commodore 64
Digital Talk,Digital Talk #17,digitaltalk17.zip,https://files.scene.org/view/mags/digital_talk/digitaltalk_17.zip,Commodore 64
Digital Talk,Digital Talk #17 (german),digitaltalk17.zip,http://csdb.dk/getinternalfile.php/892/digitaltalk17.zip,Commodore 64
Digital Talk,Digital Talk #18,digitaltalk18.zip,https://files.scene.org/view/mags/digital_talk/digitaltalk_18.zip,Commodore 64
Digital Talk,Digital Talk #18 (german),digitaltalk18.zip,http://csdb.dk/getinternalfile.php/893/digitaltalk18.zip,Commodore 64
Digital Talk,Digital Talk #19,digitaltalk19.zip,https://files.scene.org/view/mags/digital_talk/digitaltalk_19.zip,Commodore 64
Digital Talk,Digital Talk #19 (german),digitaltalk19.zip,http://csdb.dk/getinternalfile.php/894/digitaltalk19.zip,Commodore 64
Digital Talk,Digital Talk #20,digitaltalk20.zip,https://files.scene.org/view/mags/digital_talk/digitaltalk_20.zip,Commodore 64
Digital Talk,Digital Talk #20 (german),digitaltalk20.zip,http://csdb.dk/getinternalfile.php/64265/DigitalTalk_20.zip,Commodore 64
Digital Talk,Digital Talk #21 (german),digitaltalk21.zip,http://csdb.dk/getinternalfile.php/895/digitaltalk21.zip,Commodore 64
Digital Talk,Digital Talk #22,digitaltalk22.zip,https://files.scene.org/view/mags/digital_talk/digitaltalk_22.zip,Commodore 64
Digital Talk,Digital Talk #22 (german),"dt22.zip, digitaltalk22.zip","http://csdb.dk/getinternalfile.php/896/digitaltalk22.zip, http://csdb.dk/getinternalfile.php/108731/dt22.zip",Commodore 64
Digital Talk,Digital Talk #23 (german),digitaltalk23.zip,http://csdb.dk/getinternalfile.php/897/digitaltalk23.zip,Commodore 64
Digital Talk,Digital Talk #24,digitaltalk24.zip,https://files.scene.org/view/mags/digital_talk/digitaltalk_24.zip,Commodore 64
Digital Talk,Digital Talk #24 (german),digitaltalk24.zip,http://csdb.dk/getinternalfile.php/898/digitaltalk24.zip,Commodore 64
Digital Talk,Digital Talk #25 (Silver Edition) (german),digitaltalk25.zip,http://csdb.dk/getinternalfile.php/899/digitaltalk25.zip,Commodore 64
Digital Talk,Digital Talk #26,digitaltalk26.zip,https://files.scene.org/view/mags/digital_talk/digitaltalk_26.zip,Commodore 64
Digital Talk,Digital Talk #26 (german),digitaltalk26.zip,http://csdb.dk/getinternalfile.php/900/digitaltalk26.zip,Commodore 64
Digital Talk,Digital Talk #27,digitaltalk27.zip,https://files.scene.org/view/mags/digital_talk/digitaltalk_27.zip,Commodore 64
Digital Talk,Digital Talk #27 (german),digitaltalk27.zip,http://csdb.dk/getinternalfile.php/877/digitaltalk27.zip,Commodore 64
Digital Talk,Digital Talk #28,digitaltalk28.zip,https://files.scene.org/view/mags/digital_talk/digitaltalk_28.zip,Commodore 64
Digital Talk,Digital Talk #28 (german),digitaltalk28.zip,http://csdb.dk/getinternalfile.php/901/digitaltalk28.zip,Commodore 64
Digital Talk,Digital Talk #29,digitaltalk29.zip,https://files.scene.org/view/mags/digital_talk/digitaltalk_29.zip,Commodore 64
Digital Talk,Digital Talk #29 (german),digitaltalk29.zip,http://csdb.dk/getinternalfile.php/902/digitaltalk29.zip,Commodore 64
Digital Talk,Digital Talk #30,digitaltalk30.zip,https://files.scene.org/view/mags/digital_talk/digitaltalk_30.zip,Commodore 64
Digital Talk,Digital Talk #30 (german),digitaltalk30.zip,http://csdb.dk/getinternalfile.php/903/digitaltalk30.zip,Commodore 64
Digital Talk,Digital Talk #31,digitaltalk31.zip,http://csdb.dk/getinternalfile.php/904/digitaltalk31.zip,Commodore 64
Digital Talk,Digital Talk #31 (german),digitaltalk31.zip,https://csdb.dk/getinternalfile.php/221866/DigitalTalk_31.zip,Commodore 64
Digital Talk,Digital Talk #32,digitaltalk32.zip,http://csdb.dk/getinternalfile.php/64266/DigitalTalk_32.zip,Commodore 64
Digital Talk,Digital Talk #32 (german),digitaltalk32.zip,http://csdb.dk/getinternalfile.php/64266/DigitalTalk_32.zip,Commodore 64
Digital Talk,Digital Talk #33,digitaltalk33.zip,http://csdb.dk/getinternalfile.php/905/digitaltalk33.zip,Commodore 64
Digital Talk,Digital Talk #33 (german),digitaltalk33.zip,https://csdb.dk/getinternalfile.php/221867/DigitalTalk_33.zip,Commodore 64
Digital Talk,Digital Talk #34,digitaltalk34.zip,https://files.scene.org/view/mags/digital_talk/digitaltalk_34.zip,Commodore 64
Digital Talk,Digital Talk #34 (german),digitaltalk34.zip,http://csdb.dk/getinternalfile.php/906/digitaltalk34.zip,Commodore 64
Digital Talk,Digital Talk #35,digitaltalk35.zip,https://files.scene.org/view/mags/digital_talk/digitaltalk_35.zip,Commodore 64
Digital Talk,Digital Talk #35 (german),digitaltalk35.zip,http://csdb.dk/getinternalfile.php/907/digitaltalk35.zip,Commodore 64
Digital Talk,Digital Talk #36 (german),dt36.zip,http://csdb.dk/getinternalfile.php/78109/dt36.zip,Commodore 64
Digital Talk,Digital Talk #37,digitaltalk37.zip,https://files.scene.org/view/mags/digital_talk/digitaltalk_37.zip,Commodore 64
Digital Talk,Digital Talk #37 (german),digitaltalk37.zip,http://csdb.dk/getinternalfile.php/878/digitaltalk37.zip,Commodore 64
Digital Talk,Digital Talk #38,digitaltalk38.zip,https://files.scene.org/view/mags/digital_talk/digitaltalk_38.zip,Commodore 64
Digital Talk,Digital Talk #38 (german),digitaltalk38.zip,http://csdb.dk/getinternalfile.php/879/digitaltalk38.zip,Commodore 64
Digital Talk,Digital Talk #39,digitaltalk39.zip,https://files.scene.org/view/mags/digital_talk/digitaltalk_39.zip,Commodore 64
Digital Talk,Digital Talk #39 (german),digitaltalk39.zip,http://csdb.dk/getinternalfile.php/880/digitaltalk39.zip,Commodore 64
Digital Talk,Digital Talk #40 (german),digitaltalk40.zip,http://csdb.dk/getinternalfile.php/881/digitaltalk40.zip,Commodore 64
Digital Talk,Digital Talk #41,digitaltalk41.zip,https://files.scene.org/view/mags/digital_talk/digitaltalk_41.zip,Commodore 64
Digital Talk,Digital Talk #41 (german),digitaltalk41.zip,http://csdb.dk/getinternalfile.php/882/digitaltalk41.zip,Commodore 64
Digital Talk,Digital Talk #42 (german),digitaltalk42.zip,http://csdb.dk/getinternalfile.php/883/digitaltalk42.zip,Commodore 64
Digital Talk,Digital Talk #43,digitaltalk43.zip,https://files.scene.org/view/mags/digital_talk/digitaltalk_43.zip,Commodore 64
Digital Talk,Digital Talk #43 (german),digitaltalk43.zip,http://csdb.dk/getinternalfile.php/884/digitaltalk43.zip,Commodore 64
Digital Talk,Digital Talk #44 (german),digitaltalk44.zip,http://csdb.dk/getinternalfile.php/855/digitaltalk44.zip,Commodore 64
Digital Talk,Digital Talk #45 (german),digitaltalk45.zip,http://csdb.dk/getinternalfile.php/856/digitaltalk45.zip,Commodore 64
Digital Talk,Digital Talk #46,download.php?id=87069,,Commodore 64
Digital Talk,Digital Talk #46 (german),dt46.zip,http://csdb.dk/getinternalfile.php/64267/dt46.zip,Commodore 64
Digital Talk,Digital Talk #47,dt2347.zip,http://csdb.dk/getinternalfile.php/921/DT %2347.zip,Commodore 64
Digital Talk,Digital Talk #47 (german),dt47.zip,http://csdb.dk/getinternalfile.php/921/DT #47.zip,Commodore 64
Digital Talk,Digital Talk #48,digitaltalk48.zip,https://files.scene.org/view/mags/digital_talk/digitaltalk_48.zip,Commodore 64
Digital Talk,Digital Talk #48 (german),dt48.zip,http://csdb.dk/getinternalfile.php/920/DT #48.zip,Commodore 64
Digital Talk,Digital Talk #49,digitaltalk49.zip,https://files.scene.org/view/mags/digital_talk/digitaltalk_49.zip,Commodore 64
Digital Talk,Digital Talk #49 (german),dt49.zip,http://csdb.dk/getinternalfile.php/919/DT #49.zip,Commodore 64
Digital Talk,Digital Talk #50 (Golden DT),digitaltalk50.zip,https://files.scene.org/view/mags/digital_talk/digitaltalk_50.zip,Commodore 64
Digital Talk,Digital Talk #50 (Golden DT) (german),dt50.zip,http://csdb.dk/getinternalfile.php/64268/dt50.zip,Commodore 64
Digital Talk,Digital Talk #51,digitaltalk51.zip,https://files.scene.org/view/mirrors/padua/Magazines/digital_talk/DigitalTalk51.zip,Commodore 64
Digital Talk,Digital Talk #51 (german),dt51.zip,http://csdb.dk/getinternalfile.php/876/DT #51.zip,Commodore 64
Digital Talk,Digital Talk #52,digitaltalk52.zip,https://files.scene.org/view/mags/digital_talk/digitaltalk_52.zip,Commodore 64
Digital Talk,Digital Talk #52 (german),dt52.zip,http://csdb.dk/getinternalfile.php/875/DT #52.zip,Commodore 64
Digital Talk,Digital Talk #53,digitaltalk53.zip,https://files.scene.org/view/mags/digital_talk/digitaltalk_53.zip,Commodore 64
Digital Talk,Digital Talk #53 (german),dt53.zip,http://csdb.dk/getinternalfile.php/874/DT #53.zip,Commodore 64
Digital Talk,Digital Talk #54,dt2354.zip,http://csdb.dk/getinternalfile.php/873/DT %2354.zip,Commodore 64
Digital Talk,Digital Talk #54 (german),dt54.zip,http://csdb.dk/getinternalfile.php/873/DT #54.zip,Commodore 64
Digital Talk,Digital Talk #55,dt55.zip,http://csdb.dk/getinternalfile.php/64269/dt55.zip,Commodore 64
Digital Talk,Digital Talk #55 (german),dt55.zip,http://csdb.dk/getinternalfile.php/64269/dt55.zip,Commodore 64
Digital Talk,digital talk #56,download.php?id=8948,,Commodore 64
Digital Talk,Digital Talk #56 (german),dt56.zip,http://csdb.dk/getinternalfile.php/872/DT #56.zip,Commodore 64
Digital Talk,Digital Talk #57,download.php?id=3430,,Commodore 64
Digital Talk,Digital Talk #57 (german),dt57.zip,http://csdb.dk/getinternalfile.php/816/DT #57.zip,Commodore 64
Digital Talk,Digital Talk #58,dt2358.zip,http://csdb.dk/getinternalfile.php/815/DT %2358.zip,Commodore 64
Digital Talk,Digital Talk #58 (german),dt58.zip,http://csdb.dk/getinternalfile.php/815/DT #58.zip,Commodore 64
Digital Talk,Digital Talk #59,download.php?id=8860,,Commodore 64
Digital Talk,Digital Talk #59 (german),dt59.zip,http://csdb.dk/getinternalfile.php/813/DT #59.zip,Commodore 64
Digital Talk,Digital Talk #60 (german),dtdownload353eabb43d.zip,http://csdb.dk/getinternalfile.php/64270/dt_download_35_3eabb43d.zip,Commodore 64
Digital Talk,Digital Talk #61,download.php?id=8842,,Commodore 64
Digital Talk,Digital Talk #61 (german),dt61.zip,http://csdb.dk/getinternalfile.php/807/DT #61.zip,Commodore 64
Digital Talk,Digital Talk #62 (german),dt62.zip,http://csdb.dk/getinternalfile.php/806/DT #62.zip,Commodore 64
Digital Talk,Digital Talk #62 (Green Tears),download.php?id=8838,,Commodore 64
Digital Talk,Digital Talk #63,dt2363.zip,http://csdb.dk/getinternalfile.php/802/Dt %2363.zip,Commodore 64
Digital Talk,Digital Talk #63 (german),dt63.zip,http://csdb.dk/getinternalfile.php/802/Dt #63.zip,Commodore 64
Digital Talk,Digital Talk #64 (german),dtdownload394012ca55.zip,http://csdb.dk/getinternalfile.php/64271/dt_download_39_4012ca55.zip,Commodore 64
Digital Talk,Digital Talk #65,dt2365.zip,http://csdb.dk/getinternalfile.php/1520/DT %2365.zip,Commodore 64
Digital Talk,Digital Talk #65 (german),dt65.zip,http://csdb.dk/getinternalfile.php/1520/DT #65.zip,Commodore 64
Digital Talk,Digital Talk #66,dt2366.zip,http://csdb.dk/getinternalfile.php/2241/DT %2366.zip,Commodore 64
Digital Talk,Digital Talk #66 (german),dt66.zip,http://csdb.dk/getinternalfile.php/2241/DT #66.zip,Commodore 64
Digital Talk,Digital Talk #67 (german),dtdownload4240e2e20e.zip,http://csdb.dk/getinternalfile.php/64272/dt_download_42_40e2e20e.zip,Commodore 64
Digital Talk,Digital Talk #68,dt2368.zip,http://csdb.dk/getinternalfile.php/4876/DT %2368.zip,Commodore 64
Digital Talk,Digital Talk #68 (german),dt68.zip,http://csdb.dk/getinternalfile.php/4876/DT #68.zip,Commodore 64
Digital Talk,Digital Talk #69,dt2369low.zip,http://csdb.dk/getinternalfile.php/3569/DT %2369 low.zip,Commodore 64
Digital Talk,Digital Talk #69 (german),dt69low.zip,http://csdb.dk/getinternalfile.php/3569/DT #69 low.zip,Commodore 64
Digital Talk,Digital Talk #70,dt2370low.zip,http://csdb.dk/getinternalfile.php/4875/DT %2370 low.zip,Commodore 64
Digital Talk,Digital Talk #70 (german),dt70low.zip,http://csdb.dk/getinternalfile.php/4875/DT #70 low.zip,Commodore 64
Digital Talk,Digital Talk #71,dt2371.zip,http://csdb.dk/getinternalfile.php/5787/DT %2371.zip,Commodore 64
Digital Talk,Digital Talk #71 (german),dt71.zip,http://csdb.dk/getinternalfile.php/5787/DT #71.zip,Commodore 64
Digital Talk,Digital Talk #72,dt2372.zip,http://csdb.dk/getinternalfile.php/6322/DT %2372.zip,Commodore 64
Digital Talk,Digital Talk #72 (german),dt72.zip,http://csdb.dk/getinternalfile.php/6322/DT #72.zip,Commodore 64
Digital Talk,Digital Talk #73,dt2373.zip,http://csdb.dk/getinternalfile.php/6565/DT %2373.zip,Commodore 64
Digital Talk,Digital Talk #73 (german),dt73.zip,http://csdb.dk/getinternalfile.php/6565/DT #73.zip,Commodore 64
Digital Talk,Digital Talk #74,download.php?id=22716,,Commodore 64
Digital Talk,Digital Talk #74 (german),"rx8breit.jpg, dt74.zip","http://csdb.dk/getinternalfile.php/9086/DT #74.zip, http://csdb.dk/getinternalfile.php/68830/RX-8 breit.jpg",Commodore 64
Digital Talk,Digital Talk #75,dt2375.zip,http://csdb.dk/getinternalfile.php/9663/DT %2375.zip,Commodore 64
Digital Talk,Digital Talk #75 (german),dt75.zip,http://csdb.dk/getinternalfile.php/9663/DT #75.zip,Commodore 64
Digital Talk,Digital Talk #76,dt2376.zip,http://csdb.dk/getinternalfile.php/14105/DT %2376.zip,Commodore 64
Digital Talk,Digital Talk #76 (german),dt76.zip,http://csdb.dk/getinternalfile.php/14105/DT #76.zip,Commodore 64
Digital Talk,Digital Talk #77 (german),dt77.zip,http://csdb.dk/getinternalfile.php/17407/dt77.zip,Commodore 64
Digital Talk,Digital Talk #78,dt2378.zip,http://csdb.dk/getinternalfile.php/21967/DT %2378.zip,Commodore 64
Digital Talk,Digital Talk #78 (german),dt78.zip,http://csdb.dk/getinternalfile.php/21967/DT #78.zip,Commodore 64
Digital Talk,Digital Talk #79 (german),dt79.zip,http://csdb.dk/getinternalfile.php/26520/DT79.zip,Commodore 64
Digital Talk,Digital Talk #80,dt2380.zip,http://csdb.dk/getinternalfile.php/40555/DT %2380.zip,Commodore 64
Digital Talk,Digital Talk #80 (german),dt80.zip,http://csdb.dk/getinternalfile.php/40555/DT #80.zip,Commodore 64
Digital Talk,Digital Talk #81 (german),dt81.zip,http://csdb.dk/getinternalfile.php/58772/DT #81.zip,Commodore 64
Digital Talk,Digital Talk #82 (german),dt82.zip,http://csdb.dk/getinternalfile.php/58924/DT #82.zip,Commodore 64
Digital Talk,Digital Talk #83 (german),dt83.zip,http://csdb.dk/getinternalfile.php/62772/DT #83.zip,Commodore 64
Digital Talk,Digital Talk #84 (german),dt84.zip,http://csdb.dk/getinternalfile.php/67885/DT #84.zip,Commodore 64
Digital Talk,Digital Talk #85 (german),dt85.zip,http://csdb.dk/getinternalfile.php/69370/DT #85.zip,Commodore 64
Digital Talk,Digital Talk #86 (german),dt86.zip,http://csdb.dk/getinternalfile.php/74244/DT86.zip,Commodore 64
Digital Talk,Digital Talk #87 (german),dt87.zip,http://csdb.dk/getinternalfile.php/78582/DT #87.zip,Commodore 64
Digital Talk,Digital Talk #88 (german),dt88.zip,http://csdb.dk/getinternalfile.php/81255/DT #88.zip,Commodore 64
Digital Talk,Digital Talk #89 (german),dt89.zip,http://csdb.dk/getinternalfile.php/82523/DT #89.zip,Commodore 64
Digital Talk,Digital Talk #90 (german),dt90.zip,http://csdb.dk/getinternalfile.php/86946/DT #90.zip,Commodore 64
Digital Talk,Digital Talk #91 (german),digitaltalk91.zip,http://csdb.dk/getinternalfile.php/96197/digitaltalk91.zip,Commodore 64
Digital Talk,Digital Talk #92 (german),dt092.zip,http://csdb.dk/getinternalfile.php/98915/dt092.zip,Commodore 64
Digital Talk,Digital Talk #93 (german),dt093.zip,http://csdb.dk/getinternalfile.php/100563/dt093.zip,Commodore 64
Digital Talk,Digital Talk #94 (german),dt094.zip,http://csdb.dk/getinternalfile.php/105117/dt094.zip,Commodore 64
Digital Talk,Digital Talk #95 (german),dt095.zip,http://csdb.dk/getinternalfile.php/109265/dt095.zip,Commodore 64
Digital Talk,Digital Talk #96 (german),dt096.zip,http://csdb.dk/getinternalfile.php/111895/dt096.zip,Commodore 64
Digital Talk,Digital Talk #97 (german),dt097.zip,http://csdb.dk/getinternalfile.php/118482/dt097.zip,Commodore 64
Digital Talk,Digital Talk #98 (german),dt098.zip,http://csdb.dk/getinternalfile.php/128290/dt098.zip,Commodore 64
Digital Talk,Digital Talk #99 (german),dt99.zip,http://csdb.dk/getinternalfile.php/156756/DT99.zip,Commodore 64
Dynamic News,Dynamic News #01 (german),dynamicnews1(19xx)().d64,http://csdb.dk/getinternalfile.php/197618/Dynamic News #1 (19xx)(-).d64,Commodore 64
"Tiger-Disk, Tiger Disk",Four Years Tiger-Disk,tigerdisk4years.zip,http://csdb.dk/getinternalfile.php/76246/tigerdisk_4years.zip,Commodore 64
Galaxy,Galaxy #01 (german),"galaxy01.d64, galaxy01bothsides.zip","https://csdb.dk/getinternalfile.php/241607/Galaxy01_BothSides.zip, https://csdb.dk/getinternalfile.php/241599/Galaxy01.d64",Commodore 64
Game On,Game On #12/88 (german),gameonissue1288germandve.d64,http://csdb.dk/getinternalfile.php/166541/Game-On-Issue-12-88-german-DVE.d64,Commodore 64
Helpline,Helpline #001 (german),helpline001.d64,http://csdb.dk/getinternalfile.php/207702/Helpline_001.d64,Commodore 64
Helpline,Helpline #002 (german),helpline002.d64,http://csdb.dk/getinternalfile.php/207701/Helpline_002.d64,Commodore 64
Helpline,Helpline #003 (german),helpline003.d64,http://csdb.dk/getinternalfile.php/207703/Helpline_003.d64,Commodore 64
Helpline,Helpline #004 (german),helpline004.d64,http://csdb.dk/getinternalfile.php/207704/Helpline_004.d64,Commodore 64
Helpline,Helpline #005 (german),helpline005.d64,http://csdb.dk/getinternalfile.php/207705/Helpline_005.d64,Commodore 64
Helpline,Helpline #006 (german),helpline006.d64,http://csdb.dk/getinternalfile.php/207706/Helpline_006.d64,Commodore 64
Helpline,Helpline #007 (german),helpline007.d64,http://csdb.dk/getinternalfile.php/207715/Helpline_007.d64,Commodore 64
Helpline,Helpline #008 (german),helpline008.d64,http://csdb.dk/getinternalfile.php/207716/Helpline_008.d64,Commodore 64
Helpline,Helpline #009 (german),helpline009.d64,http://csdb.dk/getinternalfile.php/207717/Helpline_009.d64,Commodore 64
Helpline,Helpline #010 (german),helpline010.d64,http://csdb.dk/getinternalfile.php/207718/Helpline_010.d64,Commodore 64
Helpline,Helpline #011 (german),helpline011.d64,http://csdb.dk/getinternalfile.php/207719/Helpline_011.d64,Commodore 64
Helpline,Helpline #012 (german),helpline012.d64,http://csdb.dk/getinternalfile.php/207720/Helpline_012.d64,Commodore 64
Helpline,Helpline #013 (german),helpline013.d64,http://csdb.dk/getinternalfile.php/207721/Helpline_013.d64,Commodore 64
Helpline,Helpline #014 (german),helpline014.d64,http://csdb.dk/getinternalfile.php/207722/Helpline_014.d64,Commodore 64
Helpline,Helpline #015 (german),helpline015.d64,http://csdb.dk/getinternalfile.php/207723/Helpline_015.d64,Commodore 64
Helpline,Helpline #016 (german),helpline016.d64,http://csdb.dk/getinternalfile.php/207724/Helpline_016.d64,Commodore 64
Helpline,Helpline #017 (german),helpline017.d64,http://csdb.dk/getinternalfile.php/207725/Helpline_017.d64,Commodore 64
Helpline,Helpline #018 (german),helpline018.d64,http://csdb.dk/getinternalfile.php/207726/Helpline_018.d64,Commodore 64
Helpline,Helpline #019 (german),helpline019.d64,http://csdb.dk/getinternalfile.php/207727/Helpline_019.d64,Commodore 64
Helpline,Helpline #020 (german),helpline020.d64,http://csdb.dk/getinternalfile.php/207728/Helpline_020.d64,Commodore 64
Helpline,Helpline #021 (german),helpline021.d64,http://csdb.dk/getinternalfile.php/207729/Helpline_021.d64,Commodore 64
Helpline,Helpline #022 (german),helpline022.d64,http://csdb.dk/getinternalfile.php/207730/Helpline_022.d64,Commodore 64
Helpline,Helpline #023 (german),helpline023.d64,http://csdb.dk/getinternalfile.php/207731/Helpline_023.d64,Commodore 64
Helpline,Helpline #024 (german),helpline024.d64,http://csdb.dk/getinternalfile.php/207732/Helpline_024.d64,Commodore 64
Helpline,Helpline #025 (german),helpline025.d64,http://csdb.dk/getinternalfile.php/207733/Helpline_025.d64,Commodore 64
Helpline,Helpline #026 (german),helpline026.d64,http://csdb.dk/getinternalfile.php/207734/Helpline_026.d64,Commodore 64
Helpline,Helpline #027 (german),helpline027.d64,http://csdb.dk/getinternalfile.php/207735/Helpline_027.d64,Commodore 64
Helpline,Helpline #028 (german),helpline028.d64,http://csdb.dk/getinternalfile.php/207737/Helpline_028.d64,Commodore 64
Helpline,Helpline #029 (german),helpline029.d64,http://csdb.dk/getinternalfile.php/207736/Helpline_029.d64,Commodore 64
Helpline,Helpline #030 (german),helpline030.d64,http://csdb.dk/getinternalfile.php/207739/Helpline_030.d64,Commodore 64
Helpline,Helpline #031 (german),helpline031.d64,http://csdb.dk/getinternalfile.php/207740/Helpline_031.d64,Commodore 64
Helpline,Helpline #032 (german),helpline032.d64,http://csdb.dk/getinternalfile.php/207741/Helpline_032.d64,Commodore 64
Helpline,Helpline #033 (german),helpline033.d64,http://csdb.dk/getinternalfile.php/207742/Helpline_033.d64,Commodore 64
Helpline,Helpline #034 (german),helpline034.d64,http://csdb.dk/getinternalfile.php/207743/Helpline_034.d64,Commodore 64
Helpline,Helpline #035 (german),helpline035.d64,http://csdb.dk/getinternalfile.php/207744/Helpline_035.d64,Commodore 64
Helpline,Helpline #036 (german),helpline036.d64,http://csdb.dk/getinternalfile.php/207745/Helpline_036.d64,Commodore 64
Helpline,Helpline #037 (german),helpline037terragonsoftware.d64,http://csdb.dk/getinternalfile.php/207947/Helpline_037-Terragon_Software.d64,Commodore 64
Helpline,Helpline #038 (german),38.d64,http://csdb.dk/getinternalfile.php/207948/38.d64,Commodore 64
Helpline,Helpline #039 (german),39.d64,http://csdb.dk/getinternalfile.php/207949/39.d64,Commodore 64
Helpline,Helpline #040 (german),40.d64,http://csdb.dk/getinternalfile.php/207950/40.d64,Commodore 64
Helpline,Helpline #041 (german),41.d64,http://csdb.dk/getinternalfile.php/207951/41.d64,Commodore 64
Helpline,Helpline #042 (german),42.d64,http://csdb.dk/getinternalfile.php/207952/42.d64,Commodore 64
Helpline,Helpline #043 (german),43.d64,http://csdb.dk/getinternalfile.php/207953/43.d64,Commodore 64
Helpline,Helpline #044 (german),44.d64,http://csdb.dk/getinternalfile.php/207954/44.d64,Commodore 64
Helpline,Helpline #045 (german),45.d64,http://csdb.dk/getinternalfile.php/207955/45.d64,Commodore 64
Helpline,Helpline #046 (german),46.d64,http://csdb.dk/getinternalfile.php/207956/46.d64,Commodore 64
Helpline,Helpline #047 (german),47.d64,http://csdb.dk/getinternalfile.php/207957/47.d64,Commodore 64
Helpline,Helpline #048 (german),48.d64,http://csdb.dk/getinternalfile.php/207958/48.d64,Commodore 64
Helpline,Helpline #049 (german),49.d64,http://csdb.dk/getinternalfile.php/207959/49.d64,Commodore 64
"Input, Input 64",Input 64 #01/88,input64issue11988tms.d64,http://csdb.dk/getinternalfile.php/166887/Input-64-Issue-1-1988-TMS.d64,Commodore 64
Killer-Drive 64,Killer-Drive #7,killerdrive07d64.zip,http://csdb.dk/getinternalfile.php/86448/killerdrive07d64.zip,Commodore 64
Killer-Drive 64,Killer-Drive 64 #10 (german),killerdrive10.d64,http://csdb.dk/getinternalfile.php/212811/Killerdrive10.D64,Commodore 64
Killer-Drive 64,Killer-Drive 64 #2 (german),killerdrive02.d64,http://csdb.dk/getinternalfile.php/212879/killerdrive02.d64,Commodore 64
Killer-Drive 64,Killer-Drive 64 #5 (german),killerdrive5.d64,http://csdb.dk/getinternalfile.php/212810/killerdrive5.d64,Commodore 64
Killer-Drive 64,Killer-Drive 64 #7 (german),"killerdrive07d64.zip, killerdrive07.zip","http://csdb.dk/getinternalfile.php/24918/killerdrive07.zip, http://csdb.dk/getinternalfile.php/86448/killerdrive07d64.zip",Commodore 64
Killer-Drive 64,Killer-Drive 64 #8 (german),killerdrive8.zip,http://csdb.dk/getinternalfile.php/212812/Killerdrive8.zip,Commodore 64
Killer-Drive 64,Killer-Drive 64 #9 (german),killerdrive9.zip,http://csdb.dk/getinternalfile.php/86449/killerdrive9.zip,Commodore 64
Magic Code,Magic Code #01 (german),magiccode01apollodesigns.d64,http://csdb.dk/getinternalfile.php/218605/MagicCode01-ApolloDesigns.D64,Commodore 64
"Mini Mag, Mini-Mag",Mini Mag #09 (german),minimag09.zip,http://csdb.dk/getinternalfile.php/131082/minimag09.zip,Commodore 64
"Mini Mag, Mini-Mag",Mini-Mag #01 (german),minimag01.zip,http://csdb.dk/getinternalfile.php/104976/mini-mag_01.zip,Commodore 64
"Mini Mag, Mini-Mag",Mini-Mag #02 (german),minimag02.zip,http://csdb.dk/getinternalfile.php/106671/minimag02.zip,Commodore 64
"Mini Mag, Mini-Mag",Mini-Mag #03 (german),minimagausgabe3.rar,http://csdb.dk/getinternalfile.php/108386/Mini Mag Ausgabe 3.rar,Commodore 64
"Mini Mag, Mini-Mag",Mini-Mag #04 (german),minimagausgabe4.rar,http://csdb.dk/getinternalfile.php/111625/Mini Mag Ausgabe 4.rar,Commodore 64
"Mini Mag, Mini-Mag",Mini-Mag #05 (german),minimag05.rar,http://csdb.dk/getinternalfile.php/115771/Mini Mag 05.rar,Commodore 64
"Mini Mag, Mini-Mag",Mini-Mag #06 (german),minimag06.rar,http://csdb.dk/getinternalfile.php/119102/MiniMag#06.rar,Commodore 64
"Mini Mag, Mini-Mag",Mini-Mag #07 (german),minimag07.rar,http://csdb.dk/getinternalfile.php/127902/Mini Mag #07.rar,Commodore 64
"Mini Mag, Mini-Mag",Mini-Mag #08 (german),minimag08.rar,http://csdb.dk/getinternalfile.php/127901/Mini Mag #08.rar,Commodore 64
"Mini Mag, Mini-Mag",Mini-Mag #10 (german),ausgabe10.zip,http://csdb.dk/getinternalfile.php/133922/Ausgabe 10.zip,Commodore 64
"Tiger-Disk, Tiger Disk",One Year Tiger-Disk,tigerdisk1year.zip,http://csdb.dk/getinternalfile.php/76243/tigerdisk_1year.zip,Commodore 64
Poke Tip und Trick's Diskette,Poke Tip und Trick's Diskette (german),poketipsundtricksmisterxc64stuff.zip,http://csdb.dk/getinternalfile.php/203872/poketipsundtricks-MisterX-C64stuff.zip,Commodore 64
Power Disk 64,Power Disk 64 1-97,powerdisk64197.zip,http://csdb.dk/getinternalfile.php/31766/power_disk_64_1-97.zip,Commodore 64
Power Disk 64,Power Disk 64 2-97,powerdisk64297.zip,http://csdb.dk/getinternalfile.php/31767/power_disk_64_2-97.zip,Commodore 64
Power Disk 64,Power Disk 64 2-98,powerdisk64298.zip,http://csdb.dk/getinternalfile.php/31768/power_disk_64_2-98.zip,Commodore 64
Publication,Publication #1,pbc01.zip,http://csdb.dk/getinternalfile.php/140391/pbc01.zip,Commodore 64
Publication,Publication #10,pbc10.zip,http://csdb.dk/getinternalfile.php/140399/pbc10.zip,Commodore 64
Publication,Publication #11,pbc11.zip,http://csdb.dk/getinternalfile.php/140400/pbc11.zip,Commodore 64
Publication,Publication #12,pbc12.zip,http://csdb.dk/getinternalfile.php/140401/pbc12.zip,Commodore 64
Publication,Publication #13,pbc13.zip,http://csdb.dk/getinternalfile.php/140378/pbc13.zip,Commodore 64
Publication,Publication #14,pbc14.zip,http://csdb.dk/getinternalfile.php/140379/pbc14.zip,Commodore 64
Publication,Publication #15,pbc15.zip,http://csdb.dk/getinternalfile.php/140380/pbc15.zip,Commodore 64
Publication,Publication #16,pbc16.zip,http://csdb.dk/getinternalfile.php/140381/pbc16.zip,Commodore 64
Publication,Publication #17,pbc17.zip,http://csdb.dk/getinternalfile.php/140382/pbc17.zip,Commodore 64
Publication,Publication #18,pbc18.zip,http://csdb.dk/getinternalfile.php/140383/pbc18.zip,Commodore 64
Publication,Publication #19,pbc19.zip,http://csdb.dk/getinternalfile.php/140384/pbc19.zip,Commodore 64
Publication,Publication #2,pbc02.zip,http://csdb.dk/getinternalfile.php/140392/pbc02.zip,Commodore 64
Publication,Publication #20,pbc20.zip,http://csdb.dk/getinternalfile.php/140385/pbc20.zip,Commodore 64
Publication,Publication #21,pbc21.zip,http://csdb.dk/getinternalfile.php/140386/pbc21.zip,Commodore 64
Publication,Publication #22,pbc22.zip,http://csdb.dk/getinternalfile.php/140387/pbc22.zip,Commodore 64
Publication,Publication #23,pbc23.zip,http://csdb.dk/getinternalfile.php/140388/pbc23.zip,Commodore 64
Publication,Publication #24,pbc24.zip,http://csdb.dk/getinternalfile.php/140389/pbc24.zip,Commodore 64
Publication,Publication #25,pbc25.zip,http://csdb.dk/getinternalfile.php/140390/pbc25.zip,Commodore 64
Publication,Publication #26,publication26.d64,http://csdb.dk/getinternalfile.php/85409/publication26.d64,Commodore 64
Publication,Publication #27,pbc27.zip,http://csdb.dk/getinternalfile.php/140335/pbc27.zip,Commodore 64
Publication,Publication #28,publication28.zip,http://csdb.dk/getinternalfile.php/64606/Publication_28.zip,Commodore 64
Publication,Publication #29,publication29.zip,http://csdb.dk/getinternalfile.php/64607/Publication_29.zip,Commodore 64
Publication,Publication #3,pbc03.zip,http://csdb.dk/getinternalfile.php/140393/pbc03.zip,Commodore 64
Publication,Publication #30,publication30.zip,http://csdb.dk/getinternalfile.php/64608/Publication_30.zip,Commodore 64
Publication,Publication #31,pbc31.zip,http://csdb.dk/getinternalfile.php/140336/pbc31.zip,Commodore 64
Publication,Publication #32,pbc32.zip,http://csdb.dk/getinternalfile.php/140337/pbc32.zip,Commodore 64
Publication,Publication #33,pbc33.zip,http://csdb.dk/getinternalfile.php/140338/pbc33.zip,Commodore 64
Publication,Publication #34,pbc34.zip,http://csdb.dk/getinternalfile.php/140339/pbc34.zip,Commodore 64
Publication,Publication #35,pbc35.zip,http://csdb.dk/getinternalfile.php/140340/pbc35.zip,Commodore 64
Publication,Publication #36,pbc36.zip,http://csdb.dk/getinternalfile.php/140341/pbc36.zip,Commodore 64
Publication,Publication #37,pbc37.zip,http://csdb.dk/getinternalfile.php/140342/pbc37.zip,Commodore 64
Publication,Publication #38,pbc38.zip,http://csdb.dk/getinternalfile.php/140343/pbc38.zip,Commodore 64
Publication,Publication #39,pbc39.zip,http://csdb.dk/getinternalfile.php/140344/pbc39.zip,Commodore 64
Publication,Publication #4,pbc04.zip,http://csdb.dk/getinternalfile.php/140394/pbc04.zip,Commodore 64
Publication,Publication #40,pbc40.zip,http://csdb.dk/getinternalfile.php/140289/pbc40.zip,Commodore 64
Publication,Publication #41,pbc41.zip,http://csdb.dk/getinternalfile.php/140290/pbc41.zip,Commodore 64
Publication,Publication #42,pbc42.zip,http://csdb.dk/getinternalfile.php/140291/pbc42.zip,Commodore 64
Publication,Publication #43,pbc43.zip,http://csdb.dk/getinternalfile.php/140292/pbc43.zip,Commodore 64
Publication,Publication #44,pbc44.zip,http://csdb.dk/getinternalfile.php/140293/pbc44.zip,Commodore 64
Publication,Publication #45,pbc45.zip,http://csdb.dk/getinternalfile.php/140294/pbc45.zip,Commodore 64
Publication,Publication #46,pbc46[civitas].zip,http://csdb.dk/getinternalfile.php/64609/pbc46 [civitas].zip,Commodore 64
Publication,Publication #47,pbc47.zip,http://csdb.dk/getinternalfile.php/140295/pbc47.zip,Commodore 64
Publication,Publication #48,pbc48.zip,http://csdb.dk/getinternalfile.php/140296/pbc48.zip,Commodore 64
Publication,publication #48,download.php?id=173716,,Commodore 64
Publication,publication #49,publication49.zip,http://csdb.dk/getinternalfile.php/64610/Publication_49.zip,Commodore 64
Publication,Publication #49,publication49.zip,http://csdb.dk/getinternalfile.php/64610/Publication_49.zip,Commodore 64
Publication,Publication #5,pbc05.zip,http://csdb.dk/getinternalfile.php/140395/pbc05.zip,Commodore 64
Publication,Publication #50,pbc50[civitas].zip,http://csdb.dk/getinternalfile.php/61978/pbc50 [civitas].zip,Commodore 64
Publication,Publication #51,pbc51.zip,http://csdb.dk/getinternalfile.php/140297/pbc51.zip,Commodore 64
Publication,Publication #52,pbc52[civitas].zip,http://csdb.dk/getinternalfile.php/64611/pbc52 [civitas].zip,Commodore 64
Publication,Publication #53,pbc53.zip,http://csdb.dk/getinternalfile.php/140298/pbc53.zip,Commodore 64
Publication,Publication #54,pbc54[civitas].zip,http://csdb.dk/getinternalfile.php/4877/pbc54 [civitas].zip,Commodore 64
Publication,Publication #55,pbc55[civitas].zip,http://csdb.dk/getinternalfile.php/5959/pbc55 [civitas].zip,Commodore 64
Publication,Publication #56,pbc56[civitas].zip,http://csdb.dk/getinternalfile.php/7998/pbc56 [civitas].zip,Commodore 64
Publication,Publication #57,pbc57[civitas].zip,http://csdb.dk/getinternalfile.php/14273/pbc57 [civitas].zip,Commodore 64
Publication,Publication #6,pbc06.zip,http://csdb.dk/getinternalfile.php/140396/pbc06.zip,Commodore 64
Publication,Publication #7,pbc07.zip,http://csdb.dk/getinternalfile.php/140397/pbc07.zip,Commodore 64
Publication,Publication #8,pbc08.zip,http://csdb.dk/getinternalfile.php/140398/pbc08.zip,Commodore 64
Publication,Publication #9,"publication9.zip, publication09.zip","http://csdb.dk/getinternalfile.php/114113/Publication_09.zip, http://csdb.dk/getinternalfile.php/114115/publication9.zip",Commodore 64
Publicnews,Publicnews 03/89 (german),publicnews0389security.d64,http://csdb.dk/getinternalfile.php/172184/Publicnews03-89-Security.d64,Commodore 64
Publicnews,Publicnews 04/89 (german),publicnews0489security.d64,http://csdb.dk/getinternalfile.php/172183/Publicnews04-89-Security.d64,Commodore 64
Publicnews,Publicnews 06/89 (german),"pn.d64, publicnews061989.zip","http://csdb.dk/getinternalfile.php/114299/publicnews-061989.zip, http://csdb.dk/getinternalfile.php/114297/pn.d64",Commodore 64
Publicnews,Publicnews 07/89 (german),publicnews0789security.d64,http://csdb.dk/getinternalfile.php/172185/Publicnews07-89-Security.d64,Commodore 64
Publicnews,Publicnews 08/89 (german),publicnews0889security.d64,http://csdb.dk/getinternalfile.php/172186/Publicnews08-89-Security.d64,Commodore 64
Publicnews,Publicnews 09/89 (german),publicnews0989security.d64,http://csdb.dk/getinternalfile.php/172182/Publicnews09-89-Security.d64,Commodore 64
Publicnews,Publicnews 10/89 (german),publicnews1089.d64,http://csdb.dk/getinternalfile.php/172169/PUBLICNEWS_1089.d64,Commodore 64
Publicnews,Publicnews 11/89 (german),publicnews1189security.d64,http://csdb.dk/getinternalfile.php/172187/Publicnews11-89-Security.d64,Commodore 64
Pulp,Pulp #1,pulp1.zip,https://sceneworld.org/assets/downloads/misc/pulp1.zip,Commodore 64
Pulp,Pulp #2,pulp2.zip,https://sceneworld.org/assets/downloads/misc/pulp2.zip,Commodore 64
Pulp,Pulp #3,pulp3.zip,https://sceneworld.org/assets/downloads/misc/pulp3.zip,Commodore 64
Role Playing Games,Role Playing Games #01 (german),issue1ofroleplayinggames[ccg].d64,http://csdb.dk/getinternalfile.php/166700/Issue #1 of Role Playing Games [ccg].d64,Commodore 64
Role Playing Games,Role Playing Games #02 (german),issue2ofroleplayinggames[ccg].d64,http://csdb.dk/getinternalfile.php/167373/Issue #2 of Role Playing Games [ccg].d64,Commodore 64
Scene World,scene world #1,swo01.zip,http://csdb.dk/getinternalfile.php/1202/swo_01.zip,Commodore 64
Scene World,Scene World #1,"swo01.d64, swo01.zip",http://www.cbmhardware.de/dlmanager/files/sceneworld/swo_01.zip,Commodore 64
Scene World,Scene World #10,"swo10all.zip, swo10d81.zip, swo10d64.zip",http://csdb.dk/getinternalfile.php/1295/swo10all.zip,Commodore 64
Scene World,Scene World #11,"swo11all.zip, swo11d81.zip, swo11d64.zip",,Commodore 64
Scene World,Scene World #12,"swo12d64.zip, swo12all.zip, swo12d81.zip",http://csdb.dk/getinternalfile.php/2980/swo12all.zip,Commodore 64
Scene World,Scene World #13,"swo13d64.zip, swo13d81.zip, swo13all.zip",http://csdb.dk/getinternalfile.php/3599/SWO13all.zip,Commodore 64
Scene World,Scene World #14,"swo14d64.zip, swo14d81.zip, swo14all.zip",http://csdb.dk/getinternalfile.php/5929/swo14all.zip,Commodore 64
Scene World,Scene World #15,"swo15d64.zip, issue15all.zip, swo15d81.zip",http://csdb.dk/getinternalfile.php/8111/issue15all.zip,Commodore 64
Scene World,Scene World #16,"issue16all.zip, swo16.zip, swo1681.zip","http://csdb.dk/getinternalfile.php/89333/swo 16.zip, http://csdb.dk/getinternalfile.php/89334/swo16-81.zip, http://csdb.dk/getinternalfile.php/89456/issue16all.zip",Commodore 64
Scene World,Scene World #17,swo17.all.zip,http://csdb.dk/getinternalfile.php/99330/swo#17-.all.zip,Commodore 64
Scene World,Scene World #18,swo18.d64,http://csdb.dk/getinternalfile.php/106182/swo_18.d64,Commodore 64
Scene World,Scene World #19,"swo19.d64, swo19.d81.zip","http://csdb.dk/getinternalfile.php/107984/SWO#19.d64, http://csdb.dk/getinternalfile.php/109078/SWO#19.d81.zip",Commodore 64
Scene World,scene world #2,swo02.zip,http://csdb.dk/getinternalfile.php/1203/swo_02.zip,Commodore 64
Scene World,Scene World #2,swo02.zip,http://www.cbmhardware.de/dlmanager/files/sceneworld/swo_02.zip,Commodore 64
Scene World,Scene World #20,"swo20d64.zip, swo20.d81","http://csdb.dk/getinternalfile.php/112137/SWO#20_d64.zip, http://csdb.dk/getinternalfile.php/112138/SWO#20.d81",Commodore 64
Scene World,Scene World #21,"swo21.d64, swo211581.d81","http://csdb.dk/getinternalfile.php/119702/SWO#21.d64, http://csdb.dk/getinternalfile.php/119703/SWO#21-1581.d81",Commodore 64
Scene World,Scene World #22,swo22.zip,http://sceneworld.org/assets/downloads/issues/swo-22.zip,Commodore 64
Scene World,Scene World #23,swo23.zip,http://sceneworld.org/assets/downloads/issues/swo-23.zip,Commodore 64
Scene World,Scene World #24,swo24.zip,http://csdb.dk/getinternalfile.php/136242/swo-24.zip,Commodore 64
Scene World,Scene World #25,"d64release.zip, d81.zip, ide64compatiblestartupforside25.1.zip","http://csdb.dk/getinternalfile.php/141610/d64 release.zip, http://csdb.dk/getinternalfile.php/141611/d81.zip, http://csdb.dk/getinternalfile.php/141612/IDE64_compatible_startup_for_side_25.1.zip",Commodore 64
Scene World,Scene World #26,swo26.zip,http://csdb.dk/getinternalfile.php/149057/swo-26.zip,Commodore 64
Scene World,Scene World #27,swo27.zip,http://csdb.dk/getinternalfile.php/157689/swo-27.zip,Commodore 64
Scene World,Scene World #28,swo28.zip,http://csdb.dk/getinternalfile.php/168014/swo-28.zip,Commodore 64
Scene World,Scene World #28 Amiga,swo28amiga.lha,https://sceneworld.org/assets/downloads/issues/amiga/SWO_28_Amiga.lha,"Amiga AGA, Amiga OCS/ECS"
Scene World,Scene World #29,swo29.zip,http://csdb.dk/getinternalfile.php/187476/SWO#29.zip,Commodore 64
Scene World,Scene World #29 Amiga,swo29amiga.lha,https://sceneworld.org/assets/downloads/issues/amiga/SWO_29_Amiga.lha,"Amiga AGA, Amiga OCS/ECS"
Scene World,scene world #3,swo03.zip,http://csdb.dk/getinternalfile.php/1204/swo_03.zip,Commodore 64
Scene World,Scene World #3,swo03.zip,http://www.cbmhardware.de/dlmanager/files/sceneworld/swo_03.zip,Commodore 64
Scene World,Scene World #30,"swo30all.zip, swo30.zip","http://csdb.dk/getinternalfile.php/205811/SWO#30All.zip, https://sceneworld.org/assets/downloads/issues/swo-30.zip",Commodore 64
Scene World,Scene World #30 Amiga,swo30amiga.lzh,https://sceneworld.org/assets/downloads/issues/amiga/SWO_30_Amiga.lzh,"Amiga AGA, Amiga OCS/ECS"
Scene World,Scene World #31,swo31.zip,https://csdb.dk/getinternalfile.php/228488/swo-31.zip,Commodore 64
Scene World,Scene World #32,swo32.zip,https://csdb.dk/getinternalfile.php/238437/swo-32.zip,Commodore 64
Scene World,Scene World #4,"swo04.zip, swo04.d64, sceneworld04.zip",http://www.c64.sk/files/sceneworld04.zip,Commodore 64
Scene World,scene world #4,sceneworld04.zip,http://www.c64.sk/files/sceneworld04.zip,Commodore 64
Scene World,Scene World #5,swo05.zip,,Commodore 64
Scene World,scene world #5,swo05.zip,http://csdb.dk/getinternalfile.php/1206/swo_05.zip,Commodore 64
Scene World,Scene World #6,swo06.zip,,Commodore 64
Scene World,scene world #6,swo06.zip,http://csdb.dk/getinternalfile.php/1207/swo_06.zip,Commodore 64
Scene World,Scene World #7,swo07.zip,,Commodore 64
Scene World,Scene World #8,swo08.zip,,Commodore 64
Scene World,Scene World #9,swo09.zip,,Commodore 64
Scene World,Scene World 1,swo01.zip,https://files.scene.org/get/mags/scene_world/swo_01.zip,Commodore 64
Scene World,Scene World 10,swo10.zip,https://files.scene.org/get/mags/scene_world/swo-10.zip,Commodore 64
Scene World,Scene World 11,swo11.zip,https://files.scene.org/get/mags/scene_world/swo-11.zip,Commodore 64
Scene World,Scene World 12,swo12.zip,https://files.scene.org/get/mags/scene_world/swo-12.zip,Commodore 64
Scene World,Scene World 13,swo13.zip,https://files.scene.org/get/mags/scene_world/swo-13.zip,Commodore 64
Scene World,Scene World 14,swo14.zip,https://files.scene.org/get/mags/scene_world/swo-14.zip,Commodore 64
Scene World,Scene World 15,swo15.zip,https://files.scene.org/get/mags/scene_world/swo-15.zip,Commodore 64
Scene World,Scene World 16,swo16.zip,https://files.scene.org/get/mags/scene_world/swo-16.zip,Commodore 64
Scene World,Scene World 17,swo17.zip,https://files.scene.org/get/mags/scene_world/swo-17.zip,Commodore 64
Scene World,Scene World 18,swo18.zip,https://files.scene.org/get/mags/scene_world/swo-18.zip,Commodore 64
Scene World,Scene World 19,swo19.zip,https://files.scene.org/get/mags/scene_world/swo-19.zip,Commodore 64
Scene World,Scene World 2,swo02.zip,https://files.scene.org/get/mags/scene_world/swo_02.zip,Commodore 64
Scene World,Scene World 20,swo20.zip,https://files.scene.org/get/mags/scene_world/swo-20.zip,Commodore 64
Scene World,Scene World 21,swo21.zip,https://files.scene.org/get/mags/scene_world/swo-21.zip,Commodore 64
Scene World,Scene World 22,swo22.zip,https://files.scene.org/get/mags/scene_world/swo-22.zip,Commodore 64
Scene World,Scene World 23,swo23.zip,https://files.scene.org/get/mags/scene_world/swo-23.zip,Commodore 64
Scene World,Scene World 24,swo24.zip,https://files.scene.org/get/mags/scene_world/swo-24.zip,Commodore 64
Scene World,Scene World 25,swo25.zip,https://files.scene.org/get/mags/scene_world/swo-25.zip,Commodore 64
Scene World,Scene World 26,swo26.zip,https://files.scene.org/get/mags/scene_world/swo-26.zip,Commodore 64
Scene World,Scene World 3,swo03.zip,https://files.scene.org/get/mags/scene_world/swo_03.zip,Commodore 64
Scene World,Scene World 4,swo04.zip,https://files.scene.org/get/mags/scene_world/swo_04.zip,Commodore 64
Scene World,Scene World 5,swo05.zip,https://files.scene.org/get/mags/scene_world/swo_05.zip,Commodore 64
Scene World,Scene World 6,swo06.zip,https://files.scene.org/get/mags/scene_world/swo_06.zip,Commodore 64
Scene World,Scene World 7,swo07.zip,https://files.scene.org/get/mags/scene_world/swo_07.zip,Commodore 64
Scene World,Scene World 8,swo08.zip,https://files.scene.org/get/mags/scene_world/swo_08.zip,Commodore 64
Scene World,Scene World 9,swo09.zip,https://files.scene.org/get/mags/scene_world/swo_09.zip,Commodore 64
Super Dimensions,Super Dimensions 15 (german),sd15.zip,http://csdb.dk/getinternalfile.php/212699/sd15.zip,Commodore 64
"Tiger-Disk, Tiger Disk",Three Years Tiger-Disk,tigerdisk3years.zip,http://csdb.dk/getinternalfile.php/76245/tigerdisk_3years.zip,Commodore 64
"Tiger-Disk, Tiger Disk",Tiger Disk #01,download.php?id=58679,,Commodore 64
"Tiger-Disk, Tiger Disk",Tiger Disk #02,download.php?id=58678,,Commodore 64
"Tiger-Disk, Tiger Disk",Tiger Disk #03,tigerdisk003.zip,http://csdb.dk/getinternalfile.php/73458/Tiger_Disk_003.zip,Commodore 64
"Tiger-Disk, Tiger Disk",tiger disk #98,download.php?id=100905,,Commodore 64
"Tiger-Disk, Tiger Disk",Tiger-Disk #1,tigerdisk001.zip,http://csdb.dk/getinternalfile.php/69973/Tiger_Disk_001.zip,Commodore 64
"Tiger-Disk, Tiger Disk",Tiger-Disk #10,td010.zip,http://csdb.dk/getinternalfile.php/76130/td010.zip,Commodore 64
"Tiger-Disk, Tiger Disk",Tiger-Disk #100,td100.zip,http://csdb.dk/getinternalfile.php/76098/td100.zip,Commodore 64
"Tiger-Disk, Tiger Disk",Tiger-Disk #101,td101.zip,http://csdb.dk/getinternalfile.php/76099/td101.zip,Commodore 64
"Tiger-Disk, Tiger Disk",Tiger-Disk #102,td102.zip,http://csdb.dk/getinternalfile.php/76100/td102.zip,Commodore 64
"Tiger-Disk, Tiger Disk",Tiger-Disk #103,tigerdisk103.zip,http://csdb.dk/getinternalfile.php/145942/tigerdisk103.zip,Commodore 64
"Tiger-Disk, Tiger Disk",Tiger-Disk #104,td104.zip,http://csdb.dk/getinternalfile.php/76102/td104.zip,Commodore 64
"Tiger-Disk, Tiger Disk",Tiger-Disk #105,td105.zip,http://csdb.dk/getinternalfile.php/76103/td105.zip,Commodore 64
"Tiger-Disk, Tiger Disk",Tiger-Disk #106,td106.zip,http://csdb.dk/getinternalfile.php/76104/td106.zip,Commodore 64
"Tiger-Disk, Tiger Disk",Tiger-Disk #107,td107.zip,http://csdb.dk/getinternalfile.php/54103/TD107.ZIP,Commodore 64
"Tiger-Disk, Tiger Disk",Tiger-Disk #108,td108.zip,http://csdb.dk/getinternalfile.php/54102/TD108.ZIP,Commodore 64
"Tiger-Disk, Tiger Disk",Tiger-Disk #109,td109.zip,http://csdb.dk/getinternalfile.php/69381/td109.zip,Commodore 64
"Tiger-Disk, Tiger Disk",Tiger-Disk #11,td11.zip,http://csdb.dk/getinternalfile.php/76286/td11.zip,Commodore 64
"Tiger-Disk, Tiger Disk",Tiger-Disk #110,td110.zip,http://csdb.dk/getinternalfile.php/76248/td110.zip,Commodore 64
"Tiger-Disk, Tiger Disk",Tiger-Disk #111,td111.zip,http://csdb.dk/getinternalfile.php/76249/td111.zip,Commodore 64
"Tiger-Disk, Tiger Disk",Tiger-Disk #112,td112.zip,http://csdb.dk/getinternalfile.php/76250/td112.zip,Commodore 64
"Tiger-Disk, Tiger Disk",Tiger-Disk #113,td113.zip,http://csdb.dk/getinternalfile.php/76251/td113.zip,Commodore 64
"Tiger-Disk, Tiger Disk",Tiger-Disk #114,td114.zip,http://csdb.dk/getinternalfile.php/76252/td114.zip,Commodore 64
"Tiger-Disk, Tiger Disk",Tiger-Disk #115,td115.zip,http://csdb.dk/getinternalfile.php/76253/td115.zip,Commodore 64
"Tiger-Disk, Tiger Disk",Tiger-Disk #116,td116.zip,http://csdb.dk/getinternalfile.php/76254/td116.zip,Commodore 64
"Tiger-Disk, Tiger Disk",Tiger-Disk #117,td117.zip,http://csdb.dk/getinternalfile.php/76255/td117.zip,Commodore 64
"Tiger-Disk, Tiger Disk",Tiger-Disk #118,td118.zip,http://csdb.dk/getinternalfile.php/76256/td118.zip,Commodore 64
"Tiger-Disk, Tiger Disk",Tiger-Disk #119,td119.zip,http://csdb.dk/getinternalfile.php/76257/td119.zip,Commodore 64
"Tiger-Disk, Tiger Disk",Tiger-Disk #12,td012.zip,http://csdb.dk/getinternalfile.php/76132/td012.zip,Commodore 64
"Tiger-Disk, Tiger Disk",Tiger-Disk #120,td120.zip,http://csdb.dk/getinternalfile.php/76258/td120.zip,Commodore 64
"Tiger-Disk, Tiger Disk",Tiger-Disk #121,td121.zip,http://csdb.dk/getinternalfile.php/76259/td121.zip,Commodore 64
"Tiger-Disk, Tiger Disk",Tiger-Disk #122,td122.zip,http://csdb.dk/getinternalfile.php/76260/td122.zip,Commodore 64
"Tiger-Disk, Tiger Disk",Tiger-Disk #123,td123.zip,http://csdb.dk/getinternalfile.php/76262/td123.zip,Commodore 64
"Tiger-Disk, Tiger Disk",Tiger-Disk #124,td124.zip,http://csdb.dk/getinternalfile.php/76263/td124.zip,Commodore 64
"Tiger-Disk, Tiger Disk",Tiger-Disk #125,td125.zip,http://csdb.dk/getinternalfile.php/76287/td125.ZIP,Commodore 64
"Tiger-Disk, Tiger Disk",Tiger-Disk #126,td126.zip,http://csdb.dk/getinternalfile.php/76264/td126.zip,Commodore 64
"Tiger-Disk, Tiger Disk",Tiger-Disk #127,td127.zip,http://csdb.dk/getinternalfile.php/76265/td127.zip,Commodore 64
"Tiger-Disk, Tiger Disk",Tiger-Disk #128,td128.zip,http://csdb.dk/getinternalfile.php/76267/td128.zip,Commodore 64
"Tiger-Disk, Tiger Disk",Tiger-Disk #129,td129.zip,http://csdb.dk/getinternalfile.php/76268/td129.zip,Commodore 64
"Tiger-Disk, Tiger Disk",Tiger-Disk #13,td013.zip,http://csdb.dk/getinternalfile.php/76133/td013.zip,Commodore 64
"Tiger-Disk, Tiger Disk",Tiger-Disk #130,dt130.zip,http://csdb.dk/getinternalfile.php/13931/dt130.zip,Commodore 64
"Tiger-Disk, Tiger Disk",Tiger-Disk #131,dt131.zip,http://csdb.dk/getinternalfile.php/13932/dt131.zip,Commodore 64
"Tiger-Disk, Tiger Disk",Tiger-Disk #132,td132.zip,http://csdb.dk/getinternalfile.php/76269/td132.zip,Commodore 64
"Tiger-Disk, Tiger Disk",Tiger-Disk #133,td133.zip,http://csdb.dk/getinternalfile.php/76270/td133.zip,Commodore 64
"Tiger-Disk, Tiger Disk",Tiger-Disk #134,td134.zip,http://csdb.dk/getinternalfile.php/76271/td134.zip,Commodore 64
"Tiger-Disk, Tiger Disk",Tiger-Disk #135,tigerdisk135.zip,http://csdb.dk/getinternalfile.php/54155/tigerdisk135.zip,Commodore 64
"Tiger-Disk, Tiger Disk",Tiger-Disk #136,tigerdisk136.zip,http://csdb.dk/getinternalfile.php/54154/tigerdisk136.zip,Commodore 64
"Tiger-Disk, Tiger Disk",Tiger-Disk #137,tigerdisk137.zip,http://csdb.dk/getinternalfile.php/54153/tigerdisk137.zip,Commodore 64
"Tiger-Disk, Tiger Disk",Tiger-Disk #138,tigerdisk138.zip,http://csdb.dk/getinternalfile.php/54151/tigerdisk138.zip,Commodore 64
"Tiger-Disk, Tiger Disk",Tiger-Disk #139,td139.zip,http://csdb.dk/getinternalfile.php/8541/td139.zip,Commodore 64
"Tiger-Disk, Tiger Disk",Tiger-Disk #14,td014.zip,http://csdb.dk/getinternalfile.php/76134/td014.zip,Commodore 64
"Tiger-Disk, Tiger Disk",Tiger-Disk #140,td140.zip,http://csdb.dk/getinternalfile.php/13933/td140.zip,Commodore 64
"Tiger-Disk, Tiger Disk",Tiger-Disk #141,tigerdisk141.zip,http://csdb.dk/getinternalfile.php/54147/tigerdisk141.zip,Commodore 64
"Tiger-Disk, Tiger Disk",Tiger-Disk #142,tigerdisk142.zip,http://csdb.dk/getinternalfile.php/54148/tigerdisk142.zip,Commodore 64
"Tiger-Disk, Tiger Disk",Tiger-Disk #143,tigerdisk143.zip,http://csdb.dk/getinternalfile.php/54149/tigerdisk143.zip,Commodore 64
"Tiger-Disk, Tiger Disk",Tiger-Disk #144,tigerdisk144.zip,http://csdb.dk/getinternalfile.php/54150/tigerdisk144.zip,Commodore 64
"Tiger-Disk, Tiger Disk",Tiger-Disk #15,td015.zip,http://csdb.dk/getinternalfile.php/76135/td015.zip,Commodore 64
"Tiger-Disk, Tiger Disk",Tiger-Disk #156,td156.zip,http://csdb.dk/getinternalfile.php/76272/td156.zip,Commodore 64
"Tiger-Disk, Tiger Disk",Tiger-Disk #157,td157.zip,http://csdb.dk/getinternalfile.php/76273/td157.zip,Commodore 64
"Tiger-Disk, Tiger Disk",Tiger-Disk #158,td158.zip,http://csdb.dk/getinternalfile.php/76274/td158.zip,Commodore 64
"Tiger-Disk, Tiger Disk",Tiger-Disk #159,td159.zip,http://csdb.dk/getinternalfile.php/76275/td159.zip,Commodore 64
"Tiger-Disk, Tiger Disk",Tiger-Disk #16,td016.zip,http://csdb.dk/getinternalfile.php/76136/td016.zip,Commodore 64
"Tiger-Disk, Tiger Disk",Tiger-Disk #160,td160.zip,http://csdb.dk/getinternalfile.php/76277/td160.zip,Commodore 64
"Tiger-Disk, Tiger Disk",Tiger-Disk #161,td161.zip,http://csdb.dk/getinternalfile.php/76278/td161.zip,Commodore 64
"Tiger-Disk, Tiger Disk",Tiger-Disk #162,td162.zip,http://csdb.dk/getinternalfile.php/76279/td162.zip,Commodore 64
"Tiger-Disk, Tiger Disk",Tiger-Disk #163,td163.zip,http://csdb.dk/getinternalfile.php/76280/td163.zip,Commodore 64
"Tiger-Disk, Tiger Disk",Tiger-Disk #164,td164.zip,http://csdb.dk/getinternalfile.php/76281/td164.zip,Commodore 64
"Tiger-Disk, Tiger Disk",Tiger-Disk #165,td165.zip,http://csdb.dk/getinternalfile.php/76149/td165.zip,Commodore 64
"Tiger-Disk, Tiger Disk",Tiger-Disk #166,td166.zip,http://csdb.dk/getinternalfile.php/76282/td166.zip,Commodore 64
"Tiger-Disk, Tiger Disk",Tiger-Disk #167,td167.zip,http://csdb.dk/getinternalfile.php/76283/td167.zip,Commodore 64
"Tiger-Disk, Tiger Disk",Tiger-Disk #168,td168.zip,http://csdb.dk/getinternalfile.php/76285/td168.zip,Commodore 64
"Tiger-Disk, Tiger Disk",Tiger-Disk #169,169.rar,http://csdb.dk/getinternalfile.php/85731/169.rar,Commodore 64
"Tiger-Disk, Tiger Disk",Tiger-Disk #17,td017.zip,http://csdb.dk/getinternalfile.php/76137/td017.zip,Commodore 64
"Tiger-Disk, Tiger Disk",Tiger-Disk #170,170.rar,http://csdb.dk/getinternalfile.php/90741/170.rar,Commodore 64
"Tiger-Disk, Tiger Disk",Tiger-disk #171,?id=97680,,Commodore 64
"Tiger-Disk, Tiger Disk",Tiger-Disk #171,tigerdisk171.rar,http://csdb.dk/getinternalfile.php/95114/Tiger-Disk_171.rar,Commodore 64
"Tiger-Disk, Tiger Disk",Tiger-Disk #18,td018.zip,http://csdb.dk/getinternalfile.php/76138/td018.zip,Commodore 64
"Tiger-Disk, Tiger Disk",Tiger-Disk #19,td019.zip,http://csdb.dk/getinternalfile.php/76139/td019.zip,Commodore 64
"Tiger-Disk, Tiger Disk",Tiger-Disk #2,tigerdisk002.zip,http://csdb.dk/getinternalfile.php/69643/Tiger_Disk_002.zip,Commodore 64
"Tiger-Disk, Tiger Disk",Tiger-Disk #20,td020.zip,http://csdb.dk/getinternalfile.php/76140/td020.zip,Commodore 64
"Tiger-Disk, Tiger Disk",Tiger-Disk #21,"td021tsi.zip, td21.zip","http://csdb.dk/getinternalfile.php/76059/td21.zip, https://csdb.dk/getinternalfile.php/222562/td021_tsi.zip",Commodore 64
"Tiger-Disk, Tiger Disk",Tiger-Disk #22,td022.zip,http://csdb.dk/getinternalfile.php/76141/td022.zip,Commodore 64
"Tiger-Disk, Tiger Disk",Tiger-Disk #23,td023.zip,http://csdb.dk/getinternalfile.php/76142/td023.zip,Commodore 64
"Tiger-Disk, Tiger Disk",Tiger-Disk #24,td024.zip,http://csdb.dk/getinternalfile.php/76143/td024.zip,Commodore 64
"Tiger-Disk, Tiger Disk",Tiger-Disk #25,td025.zip,http://csdb.dk/getinternalfile.php/76144/td025.zip,Commodore 64
"Tiger-Disk, Tiger Disk",Tiger-Disk #26,td026.zip,http://csdb.dk/getinternalfile.php/76145/td026.zip,Commodore 64
"Tiger-Disk, Tiger Disk",Tiger-Disk #27,td27.zip,http://csdb.dk/getinternalfile.php/76058/td27.zip,Commodore 64
"Tiger-Disk, Tiger Disk",Tiger-Disk #28,"tigerdisk28.zip, td028.zip","http://csdb.dk/getinternalfile.php/76146/td028.zip, http://csdb.dk/getinternalfile.php/173021/tigerdisk28.zip",Commodore 64
"Tiger-Disk, Tiger Disk",Tiger-Disk #29,tigerdisk29.zip,http://csdb.dk/getinternalfile.php/24824/tigerdisk29.zip,Commodore 64
"Tiger-Disk, Tiger Disk",Tiger-Disk #3,tigerdisk003.zip,http://csdb.dk/getinternalfile.php/73458/Tiger_Disk_003.zip,Commodore 64
"Tiger-Disk, Tiger Disk",Tiger-Disk #30,"td030full.zip, td30a.d64","http://csdb.dk/getinternalfile.php/7212/td30a.d64, http://csdb.dk/getinternalfile.php/100317/TD-030_full.zip",Commodore 64
"Tiger-Disk, Tiger Disk",Tiger-Disk #31,tigerdisk31.zip,http://csdb.dk/getinternalfile.php/24825/tigerdisk31.zip,Commodore 64
"Tiger-Disk, Tiger Disk",Tiger-Disk #32,tigerdisk32.zip,http://csdb.dk/getinternalfile.php/24826/tigerdisk32.zip,Commodore 64
"Tiger-Disk, Tiger Disk",Tiger-Disk #33,tigerdisk33.zip,http://csdb.dk/getinternalfile.php/24827/tigerdisk33.zip,Commodore 64
"Tiger-Disk, Tiger Disk",Tiger-Disk #34,td34.zip,http://csdb.dk/getinternalfile.php/40847/td34.zip,Commodore 64
"Tiger-Disk, Tiger Disk",Tiger-Disk #35,td35.zip,http://csdb.dk/getinternalfile.php/40848/td35.zip,Commodore 64
"Tiger-Disk, Tiger Disk",Tiger-Disk #36,td36.zip,http://csdb.dk/getinternalfile.php/40862/td36.zip,Commodore 64
"Tiger-Disk, Tiger Disk",Tiger-Disk #37,td37.zip,http://csdb.dk/getinternalfile.php/40863/td37.zip,Commodore 64
"Tiger-Disk, Tiger Disk",Tiger-Disk #38,td38.zip,http://csdb.dk/getinternalfile.php/40864/td38.zip,Commodore 64
"Tiger-Disk, Tiger Disk",Tiger-Disk #39,td39.zip,http://csdb.dk/getinternalfile.php/40865/td39.zip,Commodore 64
"Tiger-Disk, Tiger Disk",Tiger-Disk #4,tigerdisk04.zip,http://csdb.dk/getinternalfile.php/54156/tigerdisk04.zip,Commodore 64
"Tiger-Disk, Tiger Disk",Tiger-Disk #40,td40.zip,http://csdb.dk/getinternalfile.php/40866/td40.zip,Commodore 64
"Tiger-Disk, Tiger Disk",Tiger-Disk #41,td41.zip,http://csdb.dk/getinternalfile.php/40867/td41.zip,Commodore 64
"Tiger-Disk, Tiger Disk",Tiger-Disk #42,td42.zip,http://csdb.dk/getinternalfile.php/40868/td42.zip,Commodore 64
"Tiger-Disk, Tiger Disk",Tiger-Disk #43,tigerdisk043.zip,http://csdb.dk/getinternalfile.php/69644/Tiger_Disk_043.zip,Commodore 64
"Tiger-Disk, Tiger Disk",Tiger-Disk #44,td044.zip,http://csdb.dk/getinternalfile.php/73461/td044.zip,Commodore 64
"Tiger-Disk, Tiger Disk",Tiger-Disk #45,td45.zip,http://csdb.dk/getinternalfile.php/75944/td45.zip,Commodore 64
"Tiger-Disk, Tiger Disk",Tiger-Disk #46,td46.zip,http://csdb.dk/getinternalfile.php/75946/td46.zip,Commodore 64
"Tiger-Disk, Tiger Disk",Tiger-Disk #47,"td47.zip, td047full.zip","http://csdb.dk/getinternalfile.php/75947/td47.zip, http://csdb.dk/getinternalfile.php/100319/TD-047_full.zip",Commodore 64
"Tiger-Disk, Tiger Disk",Tiger-Disk #48,td48.zip,http://csdb.dk/getinternalfile.php/75948/td48.zip,Commodore 64
"Tiger-Disk, Tiger Disk",Tiger-Disk #49,td49.zip,http://csdb.dk/getinternalfile.php/54100/td49.zip,Commodore 64
"Tiger-Disk, Tiger Disk",Tiger-Disk #5,td005.zip,http://csdb.dk/getinternalfile.php/76126/td005.zip,Commodore 64
"Tiger-Disk, Tiger Disk",Tiger-Disk #50,td50.zip,http://csdb.dk/getinternalfile.php/75949/td50.zip,Commodore 64
"Tiger-Disk, Tiger Disk",Tiger-Disk #51,td51.zip,http://csdb.dk/getinternalfile.php/40850/td51.zip,Commodore 64
"Tiger-Disk, Tiger Disk",Tiger-Disk #52,td52.zip,http://csdb.dk/getinternalfile.php/40849/td52.zip,Commodore 64
"Tiger-Disk, Tiger Disk",Tiger-Disk #53,tigerdisk53.zip,http://csdb.dk/getinternalfile.php/39622/tiger_disk_53.zip,Commodore 64
"Tiger-Disk, Tiger Disk",Tiger-Disk #54,tigerdisk54.zip,http://csdb.dk/getinternalfile.php/24823/tigerdisk54.zip,Commodore 64
"Tiger-Disk, Tiger Disk",Tiger-Disk #55,td55.zip,http://csdb.dk/getinternalfile.php/76060/td55.zip,Commodore 64
"Tiger-Disk, Tiger Disk",Tiger-Disk #56,td56.zip,http://csdb.dk/getinternalfile.php/76066/td56.zip,Commodore 64
"Tiger-Disk, Tiger Disk",Tiger-Disk #57,td57.zip,http://csdb.dk/getinternalfile.php/76067/td57.zip,Commodore 64
"Tiger-Disk, Tiger Disk",Tiger-Disk #58,"td58.zip, td058full.zip","http://csdb.dk/getinternalfile.php/76068/td58.zip, http://csdb.dk/getinternalfile.php/100320/TD-058_full.zip",Commodore 64
"Tiger-Disk, Tiger Disk",Tiger-Disk #59,td59.zip,http://csdb.dk/getinternalfile.php/76069/td59.zip,Commodore 64
"Tiger-Disk, Tiger Disk",Tiger-Disk #6,td006.zip,http://csdb.dk/getinternalfile.php/76127/td006.zip,Commodore 64
"Tiger-Disk, Tiger Disk",Tiger-Disk #60,td60.zip,http://csdb.dk/getinternalfile.php/76070/td60.zip,Commodore 64
"Tiger-Disk, Tiger Disk",Tiger-Disk #61,td61.zip,http://csdb.dk/getinternalfile.php/76071/td61.zip,Commodore 64
"Tiger-Disk, Tiger Disk",Tiger-Disk #62,td62.zip,http://csdb.dk/getinternalfile.php/76072/td62.zip,Commodore 64
"Tiger-Disk, Tiger Disk",Tiger-Disk #63,td63.zip,http://csdb.dk/getinternalfile.php/76073/td63.zip,Commodore 64
"Tiger-Disk, Tiger Disk",Tiger-Disk #64,td64.zip,http://csdb.dk/getinternalfile.php/76074/td64.zip,Commodore 64
"Tiger-Disk, Tiger Disk",Tiger-Disk #65,"td65.zip, td065full.zip","http://csdb.dk/getinternalfile.php/76075/td65.zip, http://csdb.dk/getinternalfile.php/100436/TD-065_full.zip",Commodore 64
"Tiger-Disk, Tiger Disk",Tiger-Disk #66,td66.zip,http://csdb.dk/getinternalfile.php/76076/td66.zip,Commodore 64
"Tiger-Disk, Tiger Disk",Tiger-Disk #67,td67.zip,http://csdb.dk/getinternalfile.php/76077/td67.zip,Commodore 64
"Tiger-Disk, Tiger Disk",Tiger-Disk #68,td68.zip,http://csdb.dk/getinternalfile.php/76078/td68.zip,Commodore 64
"Tiger-Disk, Tiger Disk",Tiger-Disk #69,td069.zip,http://csdb.dk/getinternalfile.php/76108/td069.zip,Commodore 64
"Tiger-Disk, Tiger Disk",Tiger-Disk #7,td007.zip,http://csdb.dk/getinternalfile.php/76128/td007.zip,Commodore 64
"Tiger-Disk, Tiger Disk",Tiger-Disk #70,td070.zip,http://csdb.dk/getinternalfile.php/76109/td070.zip,Commodore 64
"Tiger-Disk, Tiger Disk",Tiger-Disk #71,td071.zip,http://csdb.dk/getinternalfile.php/100437/TD-071.zip,Commodore 64
"Tiger-Disk, Tiger Disk",Tiger-Disk #72,td072.zip,http://csdb.dk/getinternalfile.php/76112/td072.zip,Commodore 64
"Tiger-Disk, Tiger Disk",Tiger-Disk #73,td073.zip,http://csdb.dk/getinternalfile.php/76113/td073.zip,Commodore 64
"Tiger-Disk, Tiger Disk",Tiger-Disk #74,td074.zip,http://csdb.dk/getinternalfile.php/76114/td074.zip,Commodore 64
"Tiger-Disk, Tiger Disk",Tiger-Disk #75,td075.zip,http://csdb.dk/getinternalfile.php/76115/td075.zip,Commodore 64
"Tiger-Disk, Tiger Disk",Tiger-Disk #76,td076.zip,http://csdb.dk/getinternalfile.php/76117/td076.zip,Commodore 64
"Tiger-Disk, Tiger Disk",Tiger-Disk #77,td077.zip,http://csdb.dk/getinternalfile.php/76118/td077.zip,Commodore 64
"Tiger-Disk, Tiger Disk",Tiger-Disk #78,td078.zip,http://csdb.dk/getinternalfile.php/76119/td078.zip,Commodore 64
"Tiger-Disk, Tiger Disk",Tiger-Disk #79,td079.zip,http://csdb.dk/getinternalfile.php/76120/td079.zip,Commodore 64
"Tiger-Disk, Tiger Disk",Tiger-Disk #8,td008.zip,http://csdb.dk/getinternalfile.php/76129/td008.zip,Commodore 64
"Tiger-Disk, Tiger Disk",Tiger-Disk #80,td80.zip,http://csdb.dk/getinternalfile.php/76079/td80.zip,Commodore 64
"Tiger-Disk, Tiger Disk",Tiger-Disk #81,td81.zip,http://csdb.dk/getinternalfile.php/76080/td81.zip,Commodore 64
"Tiger-Disk, Tiger Disk",Tiger-Disk #82,td82.zip,http://csdb.dk/getinternalfile.php/76081/td82.zip,Commodore 64
"Tiger-Disk, Tiger Disk",Tiger-Disk #83,td83.zip,http://csdb.dk/getinternalfile.php/76082/td83.zip,Commodore 64
"Tiger-Disk, Tiger Disk",Tiger-Disk #84,td84.zip,http://csdb.dk/getinternalfile.php/76083/td84.zip,Commodore 64
"Tiger-Disk, Tiger Disk",Tiger-Disk #85,td85.zip,http://csdb.dk/getinternalfile.php/76084/td85.zip,Commodore 64
"Tiger-Disk, Tiger Disk",Tiger-Disk #86,td86.zip,http://csdb.dk/getinternalfile.php/76085/td86.zip,Commodore 64
"Tiger-Disk, Tiger Disk",Tiger-Disk #87,td87.zip,http://csdb.dk/getinternalfile.php/76086/td87.zip,Commodore 64
"Tiger-Disk, Tiger Disk",Tiger-Disk #88,td88.zip,http://csdb.dk/getinternalfile.php/76087/td88.zip,Commodore 64
"Tiger-Disk, Tiger Disk",Tiger-Disk #89,td89.zip,http://csdb.dk/getinternalfile.php/76088/td89.zip,Commodore 64
"Tiger-Disk, Tiger Disk",Tiger-Disk #9,td009.zip,http://csdb.dk/getinternalfile.php/76131/td009.zip,Commodore 64
"Tiger-Disk, Tiger Disk",Tiger-Disk #90,td90.zip,http://csdb.dk/getinternalfile.php/76089/td90.zip,Commodore 64
"Tiger-Disk, Tiger Disk",Tiger-Disk #91,td91.zip,http://csdb.dk/getinternalfile.php/76090/td91.zip,Commodore 64
"Tiger-Disk, Tiger Disk",Tiger-Disk #92,td92.zip,http://csdb.dk/getinternalfile.php/76092/td92.zip,Commodore 64
"Tiger-Disk, Tiger Disk",Tiger-Disk #93,td93.zip,http://csdb.dk/getinternalfile.php/204934/td93.zip,Commodore 64
"Tiger-Disk, Tiger Disk",Tiger-Disk #94,td094.zip,http://csdb.dk/getinternalfile.php/76107/td094.zip,Commodore 64
"Tiger-Disk, Tiger Disk",Tiger-Disk #95,td95.zip,http://csdb.dk/getinternalfile.php/76093/td95.zip,Commodore 64
"Tiger-Disk, Tiger Disk",Tiger-Disk #96,td96.zip,http://csdb.dk/getinternalfile.php/76094/td96.zip,Commodore 64
"Tiger-Disk, Tiger Disk",Tiger-Disk #97,td97.zip,http://csdb.dk/getinternalfile.php/76095/td97.zip,Commodore 64
"Tiger-Disk, Tiger Disk",Tiger-Disk #98,td98.zip,http://csdb.dk/getinternalfile.php/76096/td98.zip,Commodore 64
"Tiger-Disk, Tiger Disk",Tiger-Disk #99,td99.zip,http://csdb.dk/getinternalfile.php/76097/td99.zip,Commodore 64
"Tiger-Disk, Tiger Disk",Tiger-Disk Best 2,tdbest2.zip,http://csdb.dk/getinternalfile.php/76105/td_best2.zip,Commodore 64
"Tiger-Disk, Tiger Disk",Tiger-Disk English #01,tigerdisk01english.zip,http://csdb.dk/getinternalfile.php/76288/tigerdisk01-english.zip,Commodore 64
"Tiger-Disk, Tiger Disk",Tiger-Disk English #02,tigerdisk02english.zip,http://csdb.dk/getinternalfile.php/76289/tigerdisk02-english.zip,Commodore 64
"Tiger-Disk, Tiger Disk",Two Years Tiger-Disk,tigerdisk2years.zip,http://csdb.dk/getinternalfile.php/76244/tigerdisk_2years.zip,Commodore 64
"X-Dome, X Dome",X-Dome #1,xdome01.zip,http://csdb.dk/getinternalfile.php/61680/X-Dome_01.zip,Commodore 64
"X-Dome, X Dome",X-Dome #2,xdome2.zip,http://csdb.dk/getinternalfile.php/62040/x-dome2.zip,Commodore 64
"X-Dome, X Dome",X-Dome #3,xdome03.zip,http://csdb.dk/getinternalfile.php/92418/X-Dome_03.zip,Commodore 64
"X-Dome, X Dome",X-Dome #4,xdome4.zip,http://csdb.dk/getinternalfile.php/62043/x-dome4.zip,Commodore 64
"X-Dome, X Dome",X-Dome #5,xdome05.zip,http://csdb.dk/getinternalfile.php/62042/X-Dome_05.zip,Commodore 64
"X-Dome, X Dome",X-Dome #6,xdome6.zip,http://csdb.dk/getinternalfile.php/62342/x-dome6.zip,Commodore 64
"X-Dome, X Dome",X-Dome #7,xdome07.zip,http://csdb.dk/getinternalfile.php/65951/X-Dome_07.zip,Commodore 64
"X-Dome, X Dome",X-Dome #8,xdome8.zip,http://csdb.dk/getinternalfile.php/63616/x-dome8.zip,Commodore 64
"X-Dome, X Dome",X-Dome #9,xdome9.zip,http://csdb.dk/getinternalfile.php/62551/x-dome9.zip,Commodore 64
